[00:00] Crash dump logging enabled: /home/runner/work/comfy-gpu-ci/comfy-gpu-ci/comfy-test-logs/Sharp-1942/dev/linux-cpu/crash_dump.log
[00:00] 
[00:00] [1/5] SYNTAX
[00:00] ----------------------------------------
[00:00] 
[DEBUG] server=None, api=None
[00:00] Found pyproject.toml (modern format)
[00:00] Found requirements.txt (legacy format)
[00:00] Unicode check: OK (all characters cp1252-safe)
[00:00] Forbidden patterns check: OK
[00:00] [SYNTAX] PASSED
[00:00] 
[00:00] [2/5] INSTALL
[00:00] ----------------------------------------
[00:00] 
[DEBUG] server=None, api=None
[00:00] 
Setting up ComfyUI...
[00:00] Creating virtual environment...
[00:00] Running: uv venv /home/runner/work/comfy-gpu-ci/comfy-gpu-ci/test_workspaces/Sharp-1942/.venv --python 3.13
[00:00] torch_version='2.10.0' -> pinning torch==2.10.0 torchvision==0.25.0 torchaudio==2.10.0
[00:00] Cloning ComfyUI (latest)...
[00:00] Running: git clone --depth 1 https://github.com/comfyanonymous/ComfyUI.git /home/runner/work/comfy-gpu-ci/comfy-gpu-ci/test_workspaces/Sharp-1942/ComfyUI
[00:01] Pinning torch family from https://download.pytorch.org/whl/cpu: torch==2.10.0 torchvision==0.25.0 torchaudio==2.10.0
[00:01] Running: uv pip install --python /home/runner/work/comfy-gpu-ci/comfy-gpu-ci/test_workspaces/Sharp-1942/.venv/bin/python --index-url https://download.pytorch.org/whl/cpu --extra-index-url https://pypi.org/simple --index-strategy unsafe-best-match torch==2.10.0 torchvision==0.25.0 torchaudio==2.10.0
[00:05] Installing ComfyUI requirements...
[00:05] Running: uv pip install --python /home/runner/work/comfy-gpu-ci/comfy-gpu-ci/test_workspaces/Sharp-1942/.venv/bin/python --index-url https://download.pytorch.org/whl/cpu --extra-index-url https://pypi.org/simple --index-strategy unsafe-best-match -r /home/runner/work/comfy-gpu-ci/comfy-gpu-ci/test_workspaces/Sharp-1942/ComfyUI/requirements.txt
[00:09] 
Installing custom node...
[00:09] Copying ComfyUI-Sharp to custom_nodes/...
[00:09] Installing node requirements...
[00:09] Running: uv pip install --python /home/runner/work/comfy-gpu-ci/comfy-gpu-ci/test_workspaces/Sharp-1942/.venv/bin/python --index-url https://download.pytorch.org/whl/cpu --extra-index-url https://pypi.org/simple --index-strategy unsafe-best-match -r /home/runner/work/comfy-gpu-ci/comfy-gpu-ci/test_workspaces/Sharp-1942/ComfyUI/custom_nodes/ComfyUI-Sharp/requirements.txt
[00:10] 
Running install.py...
[00:10] Running: /home/runner/work/comfy-gpu-ci/comfy-gpu-ci/test_workspaces/Sharp-1942/.venv/bin/python /home/runner/work/comfy-gpu-ci/comfy-gpu-ci/test_workspaces/Sharp-1942/ComfyUI/custom_nodes/ComfyUI-Sharp/install.py
[00:10]   
[00:10]   Installing 1 node dependencies...
[00:10]     Cloning ComfyUI-GeometryPack...
[00:12]     Installing requirements for ComfyUI-GeometryPack...
[00:13]     Running install.py for ComfyUI-GeometryPack...
[00:14]   [comfy-env] _discover: scanning /home/runner/work/comfy-gpu-ci/comfy-gpu-ci/test_workspaces/Sharp-1942/ComfyUI/custom_nodes
[00:14]   [comfy-env] _discover: ComfyUI-GeometryPack -> geometrypack-nodes (custom_nodes/ComfyUI-GeometryPack/nodes/comfy-env.toml)
[00:14]   [comfy-env] _discover: ComfyUI-Sharp -> sharp-nodes (custom_nodes/ComfyUI-Sharp/nodes/comfy-env.toml)
[00:14]   [comfy-env] Workspace: /home/runner/.ce
[00:14]   [comfy-env] ComfyUI: /home/runner/work/comfy-gpu-ci/comfy-gpu-ci/test_workspaces/Sharp-1942/ComfyUI
[00:14]   [comfy-env] Found 2 node config(s):
[00:14]     - geometrypack-nodes <- custom_nodes/ComfyUI-GeometryPack/nodes/comfy-env.toml (python=host)
[00:14]     - sharp-nodes <- custom_nodes/ComfyUI-Sharp/nodes/comfy-env.toml (python=host)
[00:14]   [comfy-env] Bootstrap interpreter has python 3.13 + torch 2.10.0 (cpu). Looking for cuda-only wheels matching cpu/torch2.10/cp313.
[00:17]   [comfy-env] GPU: No GPU detected
[00:17]   [comfy-env] No CUDA detected -- pinning comfyui torch to CPU index
[00:17]   [comfy-env] Host glibc 2.39 -> system-requirements
[00:17]   Generated /home/runner/.ce/pixi.toml
[00:17]   [comfy-env] Installing 2 environment(s):
[00:17]     - geometrypack-nodes (python=host, 14 pypi deps, 1 cuda wheels)
[00:17]     - sharp-nodes (python=host, 10 pypi deps)
[00:17]   [comfy-env] Running `pixi install -e geometrypack-nodes -e sharp-nodes`...
[00:25]      WARN Skipped running the post-link scripts because `run-post-link-scripts` = `false`
[00:25]     	- bin/.librsvg-pre-unlink.sh
[00:25]     To enable them, run:
[00:25]     	pixi config set --local run-post-link-scripts insecure
[00:25]     More info:
[00:25]     	https://pixi.sh/latest/reference/pixi_configuration/#run-post-link-scripts
[00:42]      WARN Skipped running the post-link scripts because `run-post-link-scripts` = `false`
[00:42]     	- bin/.librsvg-pre-unlink.sh
[00:42]     To enable them, run:
[00:42]     	pixi config set --local run-post-link-scripts insecure
[00:42]     More info:
[00:42]     	https://pixi.sh/latest/reference/pixi_configuration/#run-post-link-scripts
[00:44]     ✔ The following environments have been installed: geometrypack-nodes, sharp-nodes.
[00:45]   [comfy-env] Recorded install hash 3b917f844871 -> /home/runner/.ce/install.hash
[00:45]   [comfy-env] Install log: /home/runner/.ce/install.log
[00:45]   
[00:45]   Installation complete!
[00:45]   
[00:45]   [requirements] Re-installing main package requirements...
[00:45]     Installing requirements for ComfyUI-Sharp...
[00:45]   [comfy-env] _discover: scanning /home/runner/work/comfy-gpu-ci/comfy-gpu-ci/test_workspaces/Sharp-1942/ComfyUI/custom_nodes
[00:45]   [comfy-env] _discover: ComfyUI-GeometryPack -> geometrypack-nodes (custom_nodes/ComfyUI-GeometryPack/nodes/comfy-env.toml)
[00:45]   [comfy-env] _discover: ComfyUI-Sharp -> sharp-nodes (custom_nodes/ComfyUI-Sharp/nodes/comfy-env.toml)
[00:45]   [comfy-env] Workspace inputs unchanged (hash 3b917f844871) -- skipping install. Delete /home/runner/.ce/install.hash to force.
[00:45]   
[00:45]   Installation complete!
[00:45] Installing 1 node dependency(ies)...
[00:45]   ComfyUI-GeometryPack from PozzettiAndrea/ComfyUI-GeometryPack
[00:45]   ComfyUI-GeometryPack already exists, skipping...
[00:45] Installing validation endpoint...
[00:45]   Cloning PozzettiAndrea/ComfyUI-validate-endpoint...
[00:45] Running: git clone --depth 1 https://x-access-token:***@github.com/PozzettiAndrea/ComfyUI-validate-endpoint.git /home/runner/work/comfy-gpu-ci/comfy-gpu-ci/test_workspaces/Sharp-1942/ComfyUI/custom_nodes/ComfyUI-validate-endpoint
[00:46] [INSTALL] PASSED
[00:46] 
[00:46] [3/5] REGISTRATION
[00:46] ----------------------------------------
[00:46] 
[DEBUG] server=None, api=None
[00:46] 
Starting ComfyUI server...
[00:46] Starting ComfyUI server on port 41883...
[00:46] Starting ComfyUI server on port 41883...
[00:46] Waiting for server to be ready (timeout: 600s)...
[00:47]   [ComfyUI] setup plugin alembic.autogenerate.schemas
[00:47]   [ComfyUI] setup plugin alembic.autogenerate.tables
[00:47]   [ComfyUI] setup plugin alembic.autogenerate.types
[00:47]   [ComfyUI] setup plugin alembic.autogenerate.constraints
[00:47]   [ComfyUI] setup plugin alembic.autogenerate.defaults
[00:47]   [ComfyUI] setup plugin alembic.autogenerate.comments
[00:47]   [ComfyUI] [comfy-env] ComfyUI-Sharp: 1 isolation env(s):
[00:47]   [ComfyUI] [comfy-env]   nodes -> /home/runner/work/comfy-gpu-ci/comfy-gpu-ci/test_workspaces/Sharp-1942/ComfyUI/custom_nodes/ComfyUI-Sharp/nodes
[00:47]   [ComfyUI] [comfy-env] Workspace: /home/runner/.ce
[00:47]   [ComfyUI] [comfy-env]     env: /home/runner/.ce/.pixi/envs/sharp-nodes  [OK]
[00:47]   [ComfyUI] [comfy-env] prestartup complete
[00:47]   [ComfyUI] [comfy-env] ComfyUI-GeometryPack: 1 isolation env(s):
[00:47]   [ComfyUI] [comfy-env]   nodes -> /home/runner/work/comfy-gpu-ci/comfy-gpu-ci/test_workspaces/Sharp-1942/ComfyUI/custom_nodes/ComfyUI-GeometryPack/nodes
[00:47]   [ComfyUI] [comfy-env]     env: /home/runner/.ce/.pixi/envs/geometrypack-nodes  [OK]
[00:47]   [ComfyUI] [comfy-env] prestartup complete
[00:48]   [ComfyUI] 
[00:48]   [ComfyUI] Prestartup times for custom nodes:
[00:48]   [ComfyUI]    0.1 seconds: /home/runner/work/comfy-gpu-ci/comfy-gpu-ci/test_workspaces/Sharp-1942/ComfyUI/custom_nodes/ComfyUI-GeometryPack
[00:48]   [ComfyUI]    0.1 seconds: /home/runner/work/comfy-gpu-ci/comfy-gpu-ci/test_workspaces/Sharp-1942/ComfyUI/custom_nodes/ComfyUI-Sharp
[00:48]   [ComfyUI] 
[00:52]   [ComfyUI] Found comfy_kitchen backend eager: {'available': True, 'disabled': False, 'unavailable_reason': None, 'capabilities': ['apply_rope', 'apply_rope1', 'dequantize_mxfp8', 'dequantize_nvfp4', 'dequantize_per_tensor_fp8', 'quantize_mxfp8', 'quantize_nvfp4', 'quantize_per_tensor_fp8', 'scaled_mm_mxfp8', 'scaled_mm_nvfp4']}
[00:52]   [ComfyUI] Found comfy_kitchen backend triton: {'available': False, 'disabled': True, 'unavailable_reason': "ImportError: No module named 'triton'", 'capabilities': []}
[00:52]   [ComfyUI] Found comfy_kitchen backend cuda: {'available': False, 'disabled': True, 'unavailable_reason': 'CUDA not available on this system', 'capabilities': []}
[00:52]   [ComfyUI] Checkpoint files will always be loaded safely.
[00:53]   [ComfyUI] Total VRAM 15990 MB, total RAM 15990 MB
[00:53]   [ComfyUI] pytorch version: 2.10.0+cpu
[00:53]   [ComfyUI] Set vram state to: DISABLED
[00:53]   [ComfyUI] Device: cpu
[00:53]   [ComfyUI] Using sub quadratic optimization for attention, if you have memory or speed issues try using: --use-split-cross-attention
[00:59]   [ComfyUI] Python version: 3.13.13 (main, Apr 30 2026, 14:44:12) [GCC 13.3.0]
[00:59]   [ComfyUI] ComfyUI version: 0.21.1
[00:59]   [ComfyUI] comfy-aimdo version: 0.3.0
[00:59]   [ComfyUI] comfy-kitchen version: 0.2.8
[00:59]   [ComfyUI] ****** User settings have been changed to be stored on the server instead of browser storage. ******
[00:59]   [ComfyUI] ****** For multi-user setups add the --multi-user CLI argument to enable multiple user profiles. ******
[00:59]   [ComfyUI] comfyui-frontend-package version: 1.43.18
[00:59]   [ComfyUI] comfyui-workflow-templates version: 0.9.77
[00:59]   [ComfyUI] comfyui-embedded-docs version: 0.5.0
[00:59]   [ComfyUI] comfy-kitchen version: 0.2.8
[00:59]   [ComfyUI] comfy-aimdo version: 0.3.0
[00:59]   [ComfyUI] [Prompt Server] web root: /home/runner/work/comfy-gpu-ci/comfy-gpu-ci/test_workspaces/Sharp-1942/.venv/lib/python3.13/site-packages/comfyui_frontend_package/static
[00:59]   [ComfyUI] Asset seeder disabled
[01:02]   [ComfyUI] [comfy-env] Version: 0.3.89
[01:02]   [ComfyUI] [comfy-env] register_nodes: ComfyUI-Sharp
[01:02]   [ComfyUI] [comfy-env] ComfyUI source dir: /home/runner/work/comfy-gpu-ci/comfy-gpu-ci/test_workspaces/Sharp-1942/ComfyUI
[01:02]   [ComfyUI] [comfy-env] Found 1 isolation env(s)
[01:02]   [ComfyUI] [comfy-env] Scanning nodes metadata (isolation root)...
[01:02]   [ComfyUI] [comfy-env] Metadata scan: /home/runner/.pixi/bin/pixi run --as-is --manifest-path /home/runner/.ce/pixi.toml -e sharp-nodes python /tmp/comfy_meta_sgn46v5u.py /home/runner/work/comfy-gpu-ci/comfy-gpu-ci/test_workspaces/Sharp-1942/ComfyUI/custom_nodes/ComfyUI-Sharp nodes /tmp/comfy_meta_out_s47u4q6k.pkl
[01:02]   [ComfyUI] [comfy-env] Scan env PATH for nodes:
[01:02]   [ComfyUI] [comfy-env]   [0] /opt/hostedtoolcache/Python/3.13.13/x64/bin
[01:02]   [ComfyUI] [comfy-env]   [1] /opt/hostedtoolcache/Python/3.13.13/x64
[01:02]   [ComfyUI] [comfy-env]   [2] /snap/bin
[01:02]   [ComfyUI] [comfy-env]   [3] /home/runner/.local/bin
[01:02]   [ComfyUI] [comfy-env]   [4] /opt/pipx_bin
[01:02]   [ComfyUI] [comfy-env]   [5] /home/runner/.cargo/bin
[01:02]   [ComfyUI] [comfy-env]   [6] /home/runner/.config/composer/vendor/bin
[01:02]   [ComfyUI] [comfy-env]   [7] /usr/local/.ghcup/bin
[01:02]   [ComfyUI] [comfy-env]   [8] /home/runner/.dotnet/tools
[01:02]   [ComfyUI] [comfy-env]   [9] /usr/local/sbin
[01:02]   [ComfyUI] [comfy-env]   [10] /usr/local/bin
[01:02]   [ComfyUI] [comfy-env]   [11] /usr/sbin
[01:02]   [ComfyUI] [comfy-env]   [12] /usr/bin
[01:02]   [ComfyUI] [comfy-env]   [13] /sbin
[01:02]   [ComfyUI] [comfy-env]   [14] /bin
[01:02]   [ComfyUI] [comfy-env]   [15] /usr/games
[01:02]   [ComfyUI] [comfy-env]   [16] /usr/local/games
[01:02]   [ComfyUI] [comfy-env]   [17] /snap/bin
[01:05]   [ComfyUI] [comfy-env] Metadata scan stderr for nodes:
[01:05]   [ComfyUI] [comfy-env]   [meta-scan] importing nodes from /home/runner/work/comfy-gpu-ci/comfy-gpu-ci/test_workspaces/Sharp-1942/ComfyUI/custom_nodes/ComfyUI-Sharp
[01:05]   [ComfyUI] [comfy-env]   [meta-scan] import OK
[01:05]   [ComfyUI] [comfy-env] Scanned nodes: 8 nodes (3.5s)
[01:05]   [ComfyUI] [comfy-env] Scanned nodes root: 8 nodes (3.5s)
[01:05]   [ComfyUI] [comfy-env] Imported nodes root: 8 nodes (isolation)
[01:05]   [ComfyUI] [comfy-env] Registered 8 total nodes
[01:05]   [ComfyUI] loading...
[01:05]   [ComfyUI] calling register_nodes
[01:05]   [ComfyUI] [comfy-env] Version: 0.3.89
[01:06]   [ComfyUI] [comfy-env] register_nodes: ComfyUI-GeometryPack
[01:06]   [ComfyUI] [comfy-env] ComfyUI source dir: /home/runner/work/comfy-gpu-ci/comfy-gpu-ci/test_workspaces/Sharp-1942/ComfyUI
[01:06]   [ComfyUI] [comfy-env] Found 1 isolation env(s)
[01:06]   [ComfyUI] [comfy-env] Scanning nodes metadata (isolation root)...
[01:06]   [ComfyUI] [comfy-env] Metadata scan: /home/runner/.pixi/bin/pixi run --as-is --manifest-path /home/runner/.ce/pixi.toml -e geometrypack-nodes python /tmp/comfy_meta_ap82j0sh.py /home/runner/work/comfy-gpu-ci/comfy-gpu-ci/test_workspaces/Sharp-1942/ComfyUI/custom_nodes/ComfyUI-GeometryPack nodes /tmp/comfy_meta_out_1ffz0igg.pkl
[01:06]   [ComfyUI] [comfy-env] Scan env PATH for nodes:
[01:06]   [ComfyUI] [comfy-env]   [0] /opt/hostedtoolcache/Python/3.13.13/x64/bin
[01:06]   [ComfyUI] [comfy-env]   [1] /opt/hostedtoolcache/Python/3.13.13/x64
[01:06]   [ComfyUI] [comfy-env]   [2] /snap/bin
[01:06]   [ComfyUI] [comfy-env]   [3] /home/runner/.local/bin
[01:06]   [ComfyUI] [comfy-env]   [4] /opt/pipx_bin
[01:06]   [ComfyUI] [comfy-env]   [5] /home/runner/.cargo/bin
[01:06]   [ComfyUI] [comfy-env]   [6] /home/runner/.config/composer/vendor/bin
[01:06]   [ComfyUI] [comfy-env]   [7] /usr/local/.ghcup/bin
[01:06]   [ComfyUI] [comfy-env]   [8] /home/runner/.dotnet/tools
[01:06]   [ComfyUI] [comfy-env]   [9] /usr/local/sbin
[01:06]   [ComfyUI] [comfy-env]   [10] /usr/local/bin
[01:06]   [ComfyUI] [comfy-env]   [11] /usr/sbin
[01:06]   [ComfyUI] [comfy-env]   [12] /usr/bin
[01:06]   [ComfyUI] [comfy-env]   [13] /sbin
[01:06]   [ComfyUI] [comfy-env]   [14] /bin
[01:06]   [ComfyUI] [comfy-env]   [15] /usr/games
[01:06]   [ComfyUI] [comfy-env]   [16] /usr/local/games
[01:06]   [ComfyUI] [comfy-env]   [17] /snap/bin
[01:11]   [ComfyUI] [comfy-env] Metadata scan stderr for nodes:
[01:11]   [ComfyUI] [comfy-env]   [meta-scan] importing nodes from /home/runner/work/comfy-gpu-ci/comfy-gpu-ci/test_workspaces/Sharp-1942/ComfyUI/custom_nodes/ComfyUI-GeometryPack
[01:11]   [ComfyUI] [comfy-env]   ERROR:root:Failed to import comfy_kitchen, Error: No module named 'comfy_kitchen', fp8 and fp4 support will not be available.
[01:11]   [ComfyUI] [comfy-env]   [meta-scan] import OK
[01:11]   [ComfyUI] [comfy-env] Scanned nodes: 125 nodes (5.3s)
[01:11]   [ComfyUI] [comfy-env] Scanned nodes root: 125 nodes (5.4s)
[01:11]   [ComfyUI] [comfy-env] Imported nodes root: 125 nodes (isolation)
[01:11]   [ComfyUI] [comfy-env] Registered 125 total nodes
[01:11]   [ComfyUI] 
[01:11]   [ComfyUI] Import times for custom nodes:
[01:11]   [ComfyUI]    0.0 seconds: /home/runner/work/comfy-gpu-ci/comfy-gpu-ci/test_workspaces/Sharp-1942/ComfyUI/custom_nodes/websocket_image_save.py
[01:11]   [ComfyUI]    0.0 seconds: /home/runner/work/comfy-gpu-ci/comfy-gpu-ci/test_workspaces/Sharp-1942/ComfyUI/custom_nodes/ComfyUI-validate-endpoint
[01:11]   [ComfyUI]    3.7 seconds: /home/runner/work/comfy-gpu-ci/comfy-gpu-ci/test_workspaces/Sharp-1942/ComfyUI/custom_nodes/ComfyUI-Sharp
[01:11]   [ComfyUI]    5.5 seconds: /home/runner/work/comfy-gpu-ci/comfy-gpu-ci/test_workspaces/Sharp-1942/ComfyUI/custom_nodes/ComfyUI-GeometryPack
[01:11]   [ComfyUI] 
[01:11]   [ComfyUI] Context impl SQLiteImpl.
[01:11]   [ComfyUI] Will assume non-transactional DDL.
[01:11]   [ComfyUI] Context impl SQLiteImpl.
[01:11]   [ComfyUI] Will assume non-transactional DDL.
[01:11]   [ComfyUI] Running upgrade  -> 0001_assets, Initial assets schema
[01:11]   [ComfyUI] Revision ID: 0001_assets
[01:11]   [ComfyUI] Revises: None
[01:11]   [ComfyUI] Create Date: 2025-12-10 00:00:00
[01:11]   [ComfyUI] Running upgrade 0001_assets -> 0002_merge_to_asset_references, Merge AssetInfo and AssetCacheState into unified asset_references table.
[01:11]   [ComfyUI] Running upgrade 0002_merge_to_asset_references -> 0003_add_metadata_job_id, Add system_metadata and job_id columns to asset_references.
[01:11]   [ComfyUI] Change preview_id FK from assets.id to asset_references.id.
[01:11]   [ComfyUI] Database upgraded from None to 0003_add_metadata_job_id
[01:11]   [ComfyUI] Starting server
[01:11]   [ComfyUI] 
[01:11]   [ComfyUI] To see the GUI go to: http://127.0.0.1:41883
[01:12] Server responding, waiting for nodes to load...
[01:32] Server is ready!
[01:32] Checking for import errors in server logs...
[01:32] No import errors detected
[01:32] Found 854 registered nodes
[01:32] [REGISTRATION] PASSED
[01:32] 
[01:32] [4/5] INSTANTIATION
[01:32] ----------------------------------------
[01:32] 
[DEBUG] server=<comfy_test.comfyui.server.ComfyUIServer object at 0x7f59395c9550>, api=<comfy_test.comfyui.api.ComfyUIAPI object at 0x7f59395c9e80>
[01:32] Testing node constructors...
[01:33] All 8 node(s) instantiated successfully!
[01:33] [INSTANTIATION] PASSED
[01:33] 
[01:33] [5/5] EXECUTION
[01:33] ----------------------------------------
[01:33] 
[DEBUG] server=<comfy_test.comfyui.server.ComfyUIServer object at 0x7f59395c9550>, api=<comfy_test.comfyui.api.ComfyUIAPI object at 0x7f59395c9e80>
[01:33] CPU runner - will execute 2 workflow(s)
[01:33] Running 3 workflow(s) (all with videos)...
[01:33] Installing screenshot dependencies (playwright, pillow)...
[01:34]   Packages installed, downloading chromium browser...
[01:43]   Screenshot dependencies installed successfully
[01:43] Starting headless browser...
[01:43]   Installing Mesa llvmpipe (apt)...
[01:49]   Mesa install failed: E: Unable to locate package libegl1-mesa

[01:49]   No GPU, no Mesa -- using SwiftShader software rendering
[01:50]   [1/3] SKIPPED (not in cpu list) pano.json
[01:50] Capturing execution frames: sharp_basic.json
[01:57]   Frame 1 saved (frame_000.jpg, t=0.0s)
[01:57]   Validating workflow...
[01:57]   [ComfyUI] === /validate endpoint called ===
[01:57]   [ComfyUI] Received JSON with keys: ['prompt']
[01:57]   [ComfyUI] Prompt has 4 nodes
[01:57]   [ComfyUI]   Node 1: LoadImage
[01:57]   [ComfyUI]     Inputs: {"image": "beach.jpg"}
[01:57]   [ComfyUI]   Node 2: LoadSharpModel
[01:57]   [ComfyUI]     Inputs: {"precision": "auto"}
[01:57]   [ComfyUI]   Node 4: GeomPackPreviewGaussian
[01:57]   [ComfyUI]     Inputs: {"preview_gaussian": "", "ply_path": ["5", 0], "extrinsics": ["5", 1], "intrinsics": ["5", 2]}
[01:57]   Queuing workflow for execution...
[01:57]   [ComfyUI]   Node 5: SharpPredict
[01:57]   [ComfyUI]     Inputs: {"focal_length_mm": 30, "output_prefix": "sharp", "model": ["2", 0], "image": ["1", 0]}
[01:57]   [ComfyUI] Generated prompt_id: 83034828-4d55-4a46-baa1-b46627ee2318
[01:57]   [ComfyUI] Calling execution.validate_prompt()...
[01:57]   [ComfyUI] Validation result: valid=True
[01:57]   [ComfyUI] === Validation PASSED ===
[01:57]   [ComfyUI] got prompt
[01:57]   [ComfyUI] [comfy-env] Running LoadSharpModel: precision: 'auto'
[01:57]   [ComfyUI] [SubprocessWorker] call_method: nodes.load_model.LoadSharpModel.EXECUTE_NORMALIZED
[01:57]   [ComfyUI] [SubprocessWorker] acquired lock, ensuring started...
[01:57]   [ComfyUI] [comfy-env] SubprocessWorker: /home/runner/.ce/.pixi/envs/sharp-nodes/bin/python
[01:57]   [ComfyUI] [comfy-env] env_vars: {'COMFYUI_BASE': '/home/runner/work/comfy-gpu-ci/comfy-gpu-ci/test_workspaces/Sharp-1942/ComfyUI'}
[01:57]   [ComfyUI] [ComfyUI-Sharp] python: /home/runner/.ce/.pixi/envs/sharp-nodes/bin/python
[01:57]   [ComfyUI] [ComfyUI-Sharp] sys_path sent to worker: ['/home/runner/work/comfy-gpu-ci/comfy-gpu-ci/test_workspaces/Sharp-1942/ComfyUI', '/home/runner/work/comfy-gpu-ci/comfy-gpu-ci/test_workspaces/Sharp-1942/ComfyUI/custom_nodes/ComfyUI-Sharp', '/home/runner/.ce/.pixi/envs/sharp-nodes/lib/python3.13/site-packages', '/home/runner/work/comfy-gpu-ci/comfy-gpu-ci/test_workspaces/Sharp-1942/ComfyUI/custom_nodes/ComfyUI-Sharp']
[01:57]   [ComfyUI] [SubprocessWorker] is_pixi=True, python=/home/runner/.ce/.pixi/envs/sharp-nodes/bin/python
[01:57]   [ComfyUI] [SubprocessWorker] launching cmd=['/home/runner/.pixi/bin/pixi', 'run', '--as-is', '--manifest-path', '/home/runner/.ce/pixi.toml', '-e', 'sharp-nodes', 'python', '/tmp/comfyui_pvenv_azr0ws34/persistent_worker.py', 'abstract://comfy_worker_4fef43905dd8']...
[01:57]   [ComfyUI] [SubprocessWorker] socket_addr=abstract://comfy_worker_4fef43905dd8 (abstract, no filesystem path)
[01:58]   [ComfyUI] [worker:ComfyUI-Sharp] ERROR: Failed to import comfy_kitchen, Error: No module named 'comfy_kitchen', fp8 and fp4 support will not be available.
[01:58]   [ComfyUI] [SubprocessWorker] worker started/confirmed
[01:58]   [ComfyUI] [SubprocessWorker] serializing kwargs to shm...
[01:58]   [ComfyUI] [SubprocessWorker] created 0 shm blocks
[01:58]   [ComfyUI] [SubprocessWorker] sending request via socket...
[01:58]   [ComfyUI] [SubprocessWorker] call_id=1 sending call_method
[01:59]   [ComfyUI] 
[01:59]   Frame 2 saved (frame_001.jpg, t=2.3s)
[01:59]   [capture-periodic] freeze=2ms shot=108ms unfreeze=3ms saved=True
[02:00]   [ComfyUI] sharp_2572gikvuh.pt:   0%|          | 0.00/2.81G [00:00<?, ?B/s]
[02:01]   [ComfyUI] sharp_2572gikvuh.pt:  10%|█         | 292M/2.81G [00:01<00:13, 193MB/s][SubprocessWorker] callback 'report_progress' from call_id=1
[02:01]   [ComfyUI] 
[02:01]   [ComfyUI] sharp_2572gikvuh.pt:  20%|█▉        | 561M/2.81G [00:02<00:08, 261MB/s][SubprocessWorker] callback 'report_progress' from call_id=1
[02:02]   [ComfyUI] 
[02:02]   [ComfyUI] sharp_2572gikvuh.pt:  25%|██▍       | 695M/2.81G [00:02<00:08, 263MB/s][SubprocessWorker] callback 'report_progress' from call_id=1
[02:02]   [ComfyUI] 
[02:02]   [ComfyUI] sharp_2572gikvuh.pt:  27%|██▋       | 768M/2.81G [00:03<00:07, 268MB/s][SubprocessWorker] callback 'report_progress' from call_id=1
[02:02]   [ComfyUI] 
[02:02]   Frame 3 saved (frame_002.jpg, t=4.5s)
[02:02]   [ComfyUI] sharp_2572gikvuh.pt:  37%|███▋      | 1.03G/2.81G [00:03<00:04, 419MB/s][SubprocessWorker] callback 'report_progress' from call_id=1
[02:03]   [capture-periodic] freeze=30ms shot=957ms unfreeze=52ms saved=True
[02:03]   [ComfyUI] 
[02:03]   [ComfyUI] sharp_2572gikvuh.pt:  44%|████▍     | 1.23G/2.81G [00:03<00:03, 503MB/s][SubprocessWorker] callback 'report_progress' from call_id=1
[02:03]   [ComfyUI] 
[02:03]   [ComfyUI] sharp_2572gikvuh.pt:  51%|█████     | 1.43G/2.81G [00:04<00:03, 390MB/s][SubprocessWorker] callback 'report_progress' from call_id=1
[02:04]   [ComfyUI] 
[02:04]   [ComfyUI] sharp_2572gikvuh.pt:  53%|█████▎    | 1.50G/2.81G [00:04<00:03, 367MB/s][SubprocessWorker] callback 'report_progress' from call_id=1
[02:05]   [ComfyUI] 
[02:05]   [ComfyUI] sharp_2572gikvuh.pt:  70%|███████   | 1.97G/2.81G [00:05<00:02, 372MB/s][SubprocessWorker] callback 'report_progress' from call_id=1
[02:05]   [capture-loop] iter=50 t=8.1s state={'complete': False, 'error': None, 'executedCount': 0, 'wsState': 1} eval_ms=12 ram=2.6/15.6GB (17%) swap=0.0/3.0GB (0%) cpu=37% browser_rss=0.91GB
[02:05]   [ComfyUI] 
[02:05]   [ComfyUI] sharp_2572gikvuh.pt:  80%|███████▉  | 2.24G/2.81G [00:06<00:01, 471MB/s][SubprocessWorker] callback 'report_progress' from call_id=1
[02:06]   Frame 4 saved (frame_003.jpg, t=8.5s)
[02:06]   [capture-periodic] freeze=5ms shot=277ms unfreeze=2ms saved=True
[02:06]   [ComfyUI] 
[02:06]   [ComfyUI] sharp_2572gikvuh.pt:  96%|█████████▋| 2.71G/2.81G [00:07<00:00, 470MB/s][SubprocessWorker] callback 'report_progress' from call_id=1
[02:07]   [ComfyUI] 
[02:07]   [ComfyUI] sharp_2572gikvuh.pt: 100%|██████████| 2.81G/2.81G [00:07<00:00, 462MB/s][SubprocessWorker] callback 'report_progress' from call_id=1
[02:09]   Frame 5 saved (frame_004.jpg, t=11.8s)
[02:09]   [capture-periodic] freeze=2ms shot=116ms unfreeze=3ms saved=True
[02:10]   [ComfyUI] 
[02:11]   [ComfyUI] sharp_2572gikvuh.pt: 100%|██████████| 2.81G/2.81G [00:11<00:00, 244MB/s]
[02:11]   [ComfyUI] [SubprocessWorker] got response: ok
[02:11]   [ComfyUI] [comfy-env] LoadSharpModel done (13.63s): result: NodeOutput
[02:11]   [ComfyUI] [comfy-env] Running SharpPredict: focal_length_mm: 30.0, output_prefix: 'sharp', model: dict, image: torch.float32 [1,1024,1536,3] cpu
[02:11]   [ComfyUI] [SubprocessWorker] call_method: nodes.predict.SharpPredict.EXECUTE_NORMALIZED
[02:11]   [ComfyUI] [SubprocessWorker] acquired lock, ensuring started...
[02:11]   [ComfyUI] [ComfyUI-Sharp] Health check: ping (timeout=5.0s)...
[02:11]   [ComfyUI] [ComfyUI-Sharp] Health check: ok
[02:11]   [ComfyUI] [SubprocessWorker] worker started/confirmed
[02:11]   [ComfyUI] [comfy-env] PRE-SERIALIZE 'image' shape: torch.Size([1, 1024, 1536, 3])
[02:11]   [ComfyUI] [SubprocessWorker] serializing kwargs to shm...
[02:11]   [ComfyUI] [SubprocessWorker] created 0 shm blocks
[02:11]   [ComfyUI] [SubprocessWorker] sending request via socket...
[02:11]   [ComfyUI] [SubprocessWorker] call_id=2 sending call_method
[02:11]   [ComfyUI] [worker:ComfyUI-Sharp] [comfy-env] _from_shm got dict with keys: ['__type__', 'strategy', 'parent_pid', 'fd', 'storage_size']
[02:11]   [ComfyUI] [worker:ComfyUI-Sharp] [comfy-env] DESERIALIZE TensorRef: tensor_size=[1, 1024, 1536, 3]
[02:11]   [ComfyUI] [worker:ComfyUI-Sharp] [comfy-env] DESERIALIZED tensor shape: torch.Size([1, 1024, 1536, 3])
[02:11]   Frame 6 saved (frame_005.jpg, t=14.2s)
[02:11]   [capture-periodic] freeze=3ms shot=180ms unfreeze=3ms saved=True
[02:11]   [ComfyUI] [worker:ComfyUI-Sharp] WARNING: No comfy kitchen, using old apply_rope functions.
[02:12]   [capture-loop] iter=100 t=15.8s state={'complete': False, 'error': None, 'executedCount': 0, 'wsState': 1} eval_ms=3 ram=2.2/15.6GB (14%) swap=0.0/3.0GB (0%) cpu=25% browser_rss=0.91GB
[02:18]   [ComfyUI] [SubprocessWorker] callback 'request_vram_budget' from call_id=2
[02:18]   [ComfyUI] [comfy-env] VRAM request: 2.81GB, free before eviction: 11.58GB
[02:18]   [ComfyUI] [comfy-env] VRAM after eviction: 11.58GB
[02:18]   [ComfyUI] [worker:ComfyUI-Sharp] WARNING: [SPN] start: 0.00 GB, input=[1, 3, 1536, 1536]
[02:18]   [ComfyUI] [worker:ComfyUI-Sharp] WARNING: [SPN] patches: 0.00 GB, x0=25 x1=9 x2=1 total=35
[02:18]   [capture-loop] iter=150 t=21.5s state={'complete': False, 'error': None, 'executedCount': 0, 'wsState': 1} eval_ms=2 ram=5.0/15.6GB (32%) swap=0.0/3.0GB (0%) cpu=47% browser_rss=0.91GB
[02:24]   [capture-loop] iter=200 t=27.1s state={'complete': False, 'error': None, 'executedCount': 0, 'wsState': 1} eval_ms=3 ram=5.0/15.6GB (32%) swap=0.0/3.0GB (0%) cpu=47% browser_rss=0.84GB
[02:29]   [capture-loop] iter=250 t=32.7s state={'complete': False, 'error': None, 'executedCount': 0, 'wsState': 1} eval_ms=5 ram=5.2/15.6GB (33%) swap=0.0/3.0GB (0%) cpu=44% browser_rss=0.84GB
[02:35]   [capture-loop] iter=300 t=38.4s state={'complete': False, 'error': None, 'executedCount': 0, 'wsState': 1} eval_ms=3 ram=5.1/15.6GB (32%) swap=0.0/3.0GB (0%) cpu=47% browser_rss=0.84GB
[02:40]   [ComfyUI] [worker:ComfyUI-Sharp] WARNING: [SPN] after first chunk (4/35): 0.00 GB, chunk_size=4
[02:41]   [capture-loop] iter=350 t=44.0s state={'complete': False, 'error': None, 'executedCount': 0, 'wsState': 1} eval_ms=3 ram=5.1/15.6GB (33%) swap=0.0/3.0GB (0%) cpu=46% browser_rss=0.84GB
[02:46]   [capture-loop] iter=400 t=49.6s state={'complete': False, 'error': None, 'executedCount': 0, 'wsState': 1} eval_ms=2 ram=5.2/15.6GB (34%) swap=0.0/3.0GB (0%) cpu=47% browser_rss=0.85GB
[02:52]   [capture-loop] iter=450 t=55.2s state={'complete': False, 'error': None, 'executedCount': 0, 'wsState': 1} eval_ms=2 ram=5.2/15.6GB (33%) swap=0.0/3.0GB (0%) cpu=45% browser_rss=0.84GB
[02:57]   [ComfyUI] [worker:ComfyUI-Sharp]
[02:57]   [ComfyUI] === WATCHDOG TICK 1 ===
[02:57]   [ComfyUI] [worker:ComfyUI-Sharp] Thread 0x00007fbd1d2156c0 (most recent call first):
[02:57]   [ComfyUI]   File "/home/runner/.ce/.pixi/envs/sharp-nodes/lib/python3.13/threading.py", line 363 in wait
[02:57]   [ComfyUI]   File "/home/runner/.ce/.pixi/envs/sharp-nodes/lib/python3.13/threading.py", line 660 in wait
[02:57]   [ComfyUI]   File "/home/runner/.ce/.pixi/envs/sharp-nodes/lib/python3.13/site-packages/tqdm/_monitor.py", line 60 in run
[02:57]   [ComfyUI]   File "/home/runner/.ce/.pixi/envs/sharp-nodes/lib/python3.13/threading.py", line 1044 in _bootstrap_inner
[02:57]   [ComfyUI]   File "/home/runner/.ce/.pixi/envs/sharp-nodes/lib/python3.13/threading.py", line 1015 in _bootstrap
[02:57]   [ComfyUI] 
[02:57]   [ComfyUI] Current thread 0x00007fbd5ce846c0 (most recent call first):
[02:57]   [ComfyUI]   File "/tmp/comfyui_pvenv_azr0ws34/persistent_worker.py", line 52 in _watchdog
[02:57]   [ComfyUI]   File "/home/runner/.ce/.pixi/envs/sharp-nodes/lib/python3.13/threading.py", line 995 in run
[02:57]   [ComfyUI]   File "/home/runner/.ce/.pixi/envs/sharp-nodes/lib/python3.13/threading.py", line 1044 in _bootstrap_inner
[02:57]   [ComfyUI]   File "/home/runner/.ce/.pixi/envs/sharp-nodes/lib/python3.13/threading.py", line 1015 in _bootstrap
[02:57]   [ComfyUI] 
[02:57]   [ComfyUI] Thread 0x00007fbd5d9a6740 (most recent call first):
[02:57]   [ComfyUI]   File "/home/runner/.ce/.pixi/envs/sharp-nodes/lib/python3.13/site-packages/torch/nn/modules/linear.py", line 134 in forward
[02:57]   [ComfyUI]   File "/home/runner/work/comfy-gpu-ci/comfy-gpu-ci/test_workspaces/Sharp-1942/ComfyUI/comfy/ops.py", line 484 in forward
[02:57]   [ComfyUI]   File "/home/runner/.ce/.pixi/envs/sharp-nodes/lib/python3.13/site-packages/torch/nn/modules/module.py", line 1787 in _call_impl
[02:57]   [ComfyUI]   File "/home/runner/.ce/.pixi/envs/sharp-nodes/lib/python3.13/site-packages/torch/nn/modules/module.py", line 1776 in _wrapped_call_impl
[02:57]   [ComfyUI]   File "/home/runner/work/comfy-gpu-ci/comfy-gpu-ci/test_workspaces/Sharp-1942/ComfyUI/custom_nodes/ComfyUI-Sharp/nodes/sharp/model.py", line 268 in forward
[02:57]   [ComfyUI]   File "/home/runner/.ce/.pixi/envs/sharp-nodes/lib/python3.13/site-packages/torch/nn/modules/module.py", line 1787 in _call_impl
[02:57]   [ComfyUI]   File "/home/runner/.ce/.pixi/envs/sharp-nodes/lib/python3.13/site-packages/torch/nn/modules/module.py", line 1776 in _wrapped_call_impl
[02:57]   [ComfyUI]   File "/home/runner/work/comfy-gpu-ci/comfy-gpu-ci/test_workspaces/Sharp-1942/ComfyUI/custom_nodes/ComfyUI-Sharp/nodes/sharp/model.py", line 310 in forward
[02:57]   [ComfyUI]   File "/home/runner/.ce/.pixi/envs/sharp-nodes/lib/python3.13/site-packages/torch/nn/modules/module.py", line 1787 in _call_impl
[02:57]   [ComfyUI]   File "/home/runner/.ce/.pixi/envs/sharp-nodes/lib/python3.13/site-packages/torch/nn/modules/module.py", line 1776 in _wrapped_call_impl
[02:57]   [ComfyUI]   File "/home/runner/work/comfy-gpu-ci/comfy-gpu-ci/test_workspaces/Sharp-1942/ComfyUI/custom_nodes/ComfyUI-Sharp/nodes/sharp/model.py", line 412 in forward
[02:57]   [ComfyUI]   File "/home/runner/.ce/.pixi/envs/sharp-nodes/lib/python3.13/site-packages/torch/nn/modules/module.py", line 1787 in _call_impl
[02:57]   [ComfyUI]   File "/home/runner/.ce/.pixi/envs/sharp-nodes/lib/python3.13/site-packages/torch/nn/modules/module.py", line 1776 in _wrapped_call_impl
[02:57]   [ComfyUI]   File "/home/runner/work/comfy-gpu-ci/comfy-gpu-ci/test_workspaces/Sharp-1942/ComfyUI/custom_nodes/ComfyUI-Sharp/nodes/sharp/model.py", line 685 in forward
[02:57]   [ComfyUI]   File "/home/runner/.ce/.pixi/envs/sharp-nodes/lib/python3.13/site-packages/torch/nn/modules/module.py", line 1787 in _call_impl
[02:57]   [ComfyUI]   File "/home/runner/.ce/.pixi/envs/sharp-nodes/lib/python3.13/site-packages/torch/nn/modules/module.py", line 1776 in _wrapped_call_impl
[02:57]   [ComfyUI]   File "/home/runner/work/comfy-gpu-ci/comfy-gpu-ci/test_workspaces/Sharp-1942/ComfyUI/custom_nodes/ComfyUI-Sharp/nodes/sharp/model.py", line 1109 in forward
[02:57]   [ComfyUI]   File "/home/runner/.ce/.pixi/envs/sharp-nodes/lib/python3.13/site-packages/torch/nn/modules/module.py", line 1787 in _call_impl
[02:57]   [ComfyUI]   File "/home/runner/.ce/.pixi/envs/sharp-nodes/lib/python3.13/site-packages/torch/nn/modules/module.py", line 1776 in _wrapped_call_impl
[02:57]   [ComfyUI]   File "/home/runner/work/comfy-gpu-ci/comfy-gpu-ci/test_workspaces/Sharp-1942/ComfyUI/custom_nodes/ComfyUI-Sharp/nodes/sharp/model.py", line 2006 in encode
[02:57]   [ComfyUI]   File "/home/runner/work/comfy-gpu-ci/comfy-gpu-ci/test_workspaces/Sharp-1942/ComfyUI/custom_nodes/ComfyUI-Sharp/nodes/predict.py", line 287 in _predict_image_cached
[02:57]   [ComfyUI]   File "/home/runner/work/comfy-gpu-ci/comfy-gpu-ci/test_workspaces/Sharp-1942/ComfyUI/custom_nodes/ComfyUI-Sharp/nodes/predict.py", line 184 in execute
[02:57]   [ComfyUI]   File "/home/runner/.ce/.pixi/envs/sharp-nodes/lib/python3.13/site-packages/torch/utils/_contextlib.py", line 124 in decorate_context
[02:57]   [ComfyUI]   File "/home/runner/work/comfy-gpu-ci/comfy-gpu-ci/test_workspaces/Sharp-1942/ComfyUI/comfy_api/latest/_io.py", line 1833 in EXECUTE_NORMALIZED
[02:57]   [ComfyUI]   File "/tmp/comfyui_pvenv_azr0ws34/persistent_worker.py", line 1762 in main
[02:57]   [ComfyUI]   File "/tmp/comfyui_pvenv_azr0ws34/persistent_worker.py", line 1807 in <module>
[02:57]   [ComfyUI] 
[02:57]   [ComfyUI] [worker:ComfyUI-Sharp] === END ===
[02:57]   [ComfyUI] 
[02:58]   [capture-loop] iter=500 t=60.8s state={'complete': False, 'error': None, 'executedCount': 0, 'wsState': 1} eval_ms=4 ram=5.1/15.6GB (33%) swap=0.0/3.0GB (0%) cpu=45% browser_rss=0.84GB
[03:03]   [capture-loop] iter=550 t=66.5s state={'complete': False, 'error': None, 'executedCount': 0, 'wsState': 1} eval_ms=5 ram=5.1/15.6GB (33%) swap=0.0/3.0GB (0%) cpu=45% browser_rss=0.83GB
[03:09]   [capture-loop] iter=600 t=72.0s state={'complete': False, 'error': None, 'executedCount': 0, 'wsState': 1} eval_ms=6 ram=5.1/15.6GB (33%) swap=0.0/3.0GB (0%) cpu=45% browser_rss=0.84GB
[03:14]   [capture-loop] iter=650 t=77.7s state={'complete': False, 'error': None, 'executedCount': 0, 'wsState': 1} eval_ms=2 ram=5.1/15.6GB (33%) swap=0.0/3.0GB (0%) cpu=46% browser_rss=0.83GB
[03:20]   [capture-loop] iter=700 t=83.4s state={'complete': False, 'error': None, 'executedCount': 0, 'wsState': 1} eval_ms=3 ram=5.2/15.6GB (33%) swap=0.0/3.0GB (0%) cpu=45% browser_rss=0.84GB
[03:26]   [capture-loop] iter=750 t=88.9s state={'complete': False, 'error': None, 'executedCount': 0, 'wsState': 1} eval_ms=3 ram=5.2/15.6GB (33%) swap=0.0/3.0GB (0%) cpu=43% browser_rss=0.84GB
[03:31]   [capture-loop] iter=800 t=94.6s state={'complete': False, 'error': None, 'executedCount': 0, 'wsState': 1} eval_ms=3 ram=5.2/15.6GB (33%) swap=0.0/3.0GB (0%) cpu=44% browser_rss=0.84GB
[03:37]   [capture-loop] iter=850 t=100.3s state={'complete': False, 'error': None, 'executedCount': 0, 'wsState': 1} eval_ms=4 ram=5.2/15.6GB (34%) swap=0.0/3.0GB (0%) cpu=46% browser_rss=0.84GB
[03:43]   [capture-loop] iter=900 t=105.8s state={'complete': False, 'error': None, 'executedCount': 0, 'wsState': 1} eval_ms=3 ram=5.2/15.6GB (33%) swap=0.0/3.0GB (0%) cpu=43% browser_rss=0.84GB
[03:48]   [capture-loop] iter=950 t=111.5s state={'complete': False, 'error': None, 'executedCount': 0, 'wsState': 1} eval_ms=6 ram=5.2/15.6GB (34%) swap=0.0/3.0GB (0%) cpu=46% browser_rss=0.84GB
[03:54]   [capture-loop] iter=1000 t=117.0s state={'complete': False, 'error': None, 'executedCount': 0, 'wsState': 1} eval_ms=2 ram=5.2/15.6GB (34%) swap=0.0/3.0GB (0%) cpu=45% browser_rss=0.84GB
[03:57]   [ComfyUI] [worker:ComfyUI-Sharp]
[03:57]   [ComfyUI] === WATCHDOG TICK 2 ===
[03:57]   [ComfyUI] [worker:ComfyUI-Sharp] Thread 0x00007fbd1d2156c0 (most recent call first):
[03:57]   [ComfyUI]   File "/home/runner/.ce/.pixi/envs/sharp-nodes/lib/python3.13/threading.py", line 363 in wait
[03:57]   [ComfyUI]   File "/home/runner/.ce/.pixi/envs/sharp-nodes/lib/python3.13/threading.py", line 660 in wait
[03:57]   [ComfyUI]   File "/home/runner/.ce/.pixi/envs/sharp-nodes/lib/python3.13/site-packages/tqdm/_monitor.py", line 60 in run
[03:57]   [ComfyUI]   File "/home/runner/.ce/.pixi/envs/sharp-nodes/lib/python3.13/threading.py", line 1044 in _bootstrap_inner
[03:57]   [ComfyUI]   File "/home/runner/.ce/.pixi/envs/sharp-nodes/lib/python3.13/threading.py", line 1015 in _bootstrap
[03:57]   [ComfyUI] 
[03:57]   [ComfyUI] Current thread 0x00007fbd5ce846c0 (most recent call first):
[03:57]   [ComfyUI]   File "/tmp/comfyui_pvenv_azr0ws34/persistent_worker.py", line 52 in _watchdog
[03:57]   [ComfyUI]   File "/home/runner/.ce/.pixi/envs/sharp-nodes/lib/python3.13/threading.py", line 995 in run
[03:57]   [ComfyUI]   File "/home/runner/.ce/.pixi/envs/sharp-nodes/lib/python3.13/threading.py", line 1044 in _bootstrap_inner
[03:57]   [ComfyUI]   File "/home/runner/.ce/.pixi/envs/sharp-nodes/lib/python3.13/threading.py", line 1015 in _bootstrap
[03:57]   [ComfyUI] 
[03:57]   [ComfyUI] Thread 0x00007fbd5d9a6740 (most recent call first):
[03:57]   [ComfyUI]   File "/home/runner/work/comfy-gpu-ci/comfy-gpu-ci/test_workspaces/Sharp-1942/ComfyUI/comfy/ldm/modules/sub_quadratic_attention.py", line 159 in _get_attention_scores_no_kv_chunking
[03:57]   [ComfyUI]   File "/home/runner/work/comfy-gpu-ci/comfy-gpu-ci/test_workspaces/Sharp-1942/ComfyUI/comfy/ldm/modules/sub_quadratic_attention.py", line 259 in efficient_dot_product_attention
[03:57]   [ComfyUI]   File "/home/runner/work/comfy-gpu-ci/comfy-gpu-ci/test_workspaces/Sharp-1942/ComfyUI/comfy/ldm/modules/attention.py", line 275 in attention_sub_quad
[03:57]   [ComfyUI]   File "/home/runner/work/comfy-gpu-ci/comfy-gpu-ci/test_workspaces/Sharp-1942/ComfyUI/comfy/ldm/modules/attention.py", line 139 in wrapper
[03:57]   [ComfyUI]   File "/home/runner/work/comfy-gpu-ci/comfy-gpu-ci/test_workspaces/Sharp-1942/ComfyUI/custom_nodes/ComfyUI-Sharp/nodes/sharp/model.py", line 234 in forward
[03:57]   [ComfyUI]   File "/home/runner/.ce/.pixi/envs/sharp-nodes/lib/python3.13/site-packages/torch/nn/modules/module.py", line 1787 in _call_impl
[03:57]   [ComfyUI]   File "/home/runner/.ce/.pixi/envs/sharp-nodes/lib/python3.13/site-packages/torch/nn/modules/module.py", line 1776 in _wrapped_call_impl
[03:57]   [ComfyUI]   File "/home/runner/work/comfy-gpu-ci/comfy-gpu-ci/test_workspaces/Sharp-1942/ComfyUI/custom_nodes/ComfyUI-Sharp/nodes/sharp/model.py", line 309 in forward
[03:57]   [ComfyUI]   File "/home/runner/.ce/.pixi/envs/sharp-nodes/lib/python3.13/site-packages/torch/nn/modules/module.py", line 1787 in _call_impl
[03:57]   [ComfyUI]   File "/home/runner/.ce/.pixi/envs/sharp-nodes/lib/python3.13/site-packages/torch/nn/modules/module.py", line 1776 in _wrapped_call_impl
[03:57]   [ComfyUI]   File "/home/runner/work/comfy-gpu-ci/comfy-gpu-ci/test_workspaces/Sharp-1942/ComfyUI/custom_nodes/ComfyUI-Sharp/nodes/sharp/model.py", line 412 in forward
[03:57]   [ComfyUI]   File "/home/runner/.ce/.pixi/envs/sharp-nodes/lib/python3.13/site-packages/torch/nn/modules/module.py", line 1787 in _call_impl
[03:57]   [ComfyUI]   File "/home/runner/.ce/.pixi/envs/sharp-nodes/lib/python3.13/site-packages/torch/nn/modules/module.py", line 1776 in _wrapped_call_impl
[03:57]   [ComfyUI]   File "/home/runner/work/comfy-gpu-ci/comfy-gpu-ci/test_workspaces/Sharp-1942/ComfyUI/custom_nodes/ComfyUI-Sharp/nodes/sharp/model.py", line 685 in forward
[03:57]   [ComfyUI]   File "/home/runner/.ce/.pixi/envs/sharp-nodes/lib/python3.13/site-packages/torch/nn/modules/module.py", line 1787 in _call_impl
[03:57]   [ComfyUI]   File "/home/runner/.ce/.pixi/envs/sharp-nodes/lib/python3.13/site-packages/torch/nn/modules/module.py", line 1776 in _wrapped_call_impl
[03:57]   [ComfyUI]   File "/home/runner/work/comfy-gpu-ci/comfy-gpu-ci/test_workspaces/Sharp-1942/ComfyUI/custom_nodes/ComfyUI-Sharp/nodes/sharp/model.py", line 1109 in forward
[03:57]   [ComfyUI]   File "/home/runner/.ce/.pixi/envs/sharp-nodes/lib/python3.13/site-packages/torch/nn/modules/module.py", line 1787 in _call_impl
[03:57]   [ComfyUI]   File "/home/runner/.ce/.pixi/envs/sharp-nodes/lib/python3.13/site-packages/torch/nn/modules/module.py", line 1776 in _wrapped_call_impl
[03:57]   [ComfyUI]   File "/home/runner/work/comfy-gpu-ci/comfy-gpu-ci/test_workspaces/Sharp-1942/ComfyUI/custom_nodes/ComfyUI-Sharp/nodes/sharp/model.py", line 2006 in encode
[03:57]   [ComfyUI]   File "/home/runner/work/comfy-gpu-ci/comfy-gpu-ci/test_workspaces/Sharp-1942/ComfyUI/custom_nodes/ComfyUI-Sharp/nodes/predict.py", line 287 in _predict_image_cached
[03:57]   [ComfyUI]   File "/home/runner/work/comfy-gpu-ci/comfy-gpu-ci/test_workspaces/Sharp-1942/ComfyUI/custom_nodes/ComfyUI-Sharp/nodes/predict.py", line 184 in execute
[03:57]   [ComfyUI]   File "/home/runner/.ce/.pixi/envs/sharp-nodes/lib/python3.13/site-packages/torch/utils/_contextlib.py", line 124 in decorate_context
[03:57]   [ComfyUI]   File "/home/runner/work/comfy-gpu-ci/comfy-gpu-ci/test_workspaces/Sharp-1942/ComfyUI/comfy_api/latest/_io.py", line 1833 in EXECUTE_NORMALIZED
[03:57]   [ComfyUI]   File "/tmp/comfyui_pvenv_azr0ws34/persistent_worker.py", line 1762 in main
[03:57]   [ComfyUI]   File "/tmp/comfyui_pvenv_azr0ws34/persistent_worker.py", line 1807 in <module>
[03:57]   [ComfyUI] 
[03:57]   [ComfyUI] [worker:ComfyUI-Sharp] === END ===
[03:57]   [ComfyUI] 
[03:59]   [capture-loop] iter=1050 t=122.6s state={'complete': False, 'error': None, 'executedCount': 0, 'wsState': 1} eval_ms=3 ram=5.3/15.6GB (34%) swap=0.0/3.0GB (0%) cpu=44% browser_rss=0.85GB
[04:05]   [capture-loop] iter=1100 t=128.3s state={'complete': False, 'error': None, 'executedCount': 0, 'wsState': 1} eval_ms=3 ram=5.3/15.6GB (34%) swap=0.0/3.0GB (0%) cpu=46% browser_rss=0.85GB
[04:11]   [capture-loop] iter=1150 t=133.9s state={'complete': False, 'error': None, 'executedCount': 0, 'wsState': 1} eval_ms=3 ram=5.3/15.6GB (34%) swap=0.0/3.0GB (0%) cpu=43% browser_rss=0.85GB
[04:16]   [capture-loop] iter=1200 t=139.5s state={'complete': False, 'error': None, 'executedCount': 0, 'wsState': 1} eval_ms=13 ram=5.3/15.6GB (34%) swap=0.0/3.0GB (0%) cpu=45% browser_rss=0.85GB
[04:22]   [capture-loop] iter=1250 t=145.2s state={'complete': False, 'error': None, 'executedCount': 0, 'wsState': 1} eval_ms=2 ram=5.3/15.6GB (34%) swap=0.0/3.0GB (0%) cpu=46% browser_rss=0.85GB
[04:27]   [capture-loop] iter=1300 t=150.8s state={'complete': False, 'error': None, 'executedCount': 0, 'wsState': 1} eval_ms=6 ram=5.3/15.6GB (34%) swap=0.0/3.0GB (0%) cpu=46% browser_rss=0.85GB
[04:33]   [capture-loop] iter=1350 t=156.5s state={'complete': False, 'error': None, 'executedCount': 0, 'wsState': 1} eval_ms=3 ram=5.3/15.6GB (34%) swap=0.0/3.0GB (0%) cpu=47% browser_rss=0.85GB
[04:39]   [capture-loop] iter=1400 t=162.0s state={'complete': False, 'error': None, 'executedCount': 0, 'wsState': 1} eval_ms=4 ram=5.3/15.6GB (34%) swap=0.0/3.0GB (0%) cpu=47% browser_rss=0.85GB
[04:44]   [capture-loop] iter=1450 t=167.7s state={'complete': False, 'error': None, 'executedCount': 0, 'wsState': 1} eval_ms=4 ram=5.4/15.6GB (34%) swap=0.0/3.0GB (0%) cpu=46% browser_rss=0.85GB
[04:50]   [capture-loop] iter=1500 t=173.4s state={'complete': False, 'error': None, 'executedCount': 0, 'wsState': 1} eval_ms=2 ram=5.4/15.6GB (34%) swap=0.0/3.0GB (0%) cpu=46% browser_rss=0.85GB
[04:56]   [capture-loop] iter=1550 t=179.0s state={'complete': False, 'error': None, 'executedCount': 0, 'wsState': 1} eval_ms=3 ram=5.4/15.6GB (34%) swap=0.0/3.0GB (0%) cpu=46% browser_rss=0.85GB
[04:57]   [ComfyUI] [worker:ComfyUI-Sharp]
[04:57]   [ComfyUI] === WATCHDOG TICK 3 ===
[04:57]   [ComfyUI] [worker:ComfyUI-Sharp] Thread 0x00007fbd1d2156c0 (most recent call first):
[04:57]   [ComfyUI]   File "/home/runner/.ce/.pixi/envs/sharp-nodes/lib/python3.13/threading.py", line 363 in wait
[04:57]   [ComfyUI]   File "/home/runner/.ce/.pixi/envs/sharp-nodes/lib/python3.13/threading.py", line 660 in wait
[04:57]   [ComfyUI]   File "/home/runner/.ce/.pixi/envs/sharp-nodes/lib/python3.13/site-packages/tqdm/_monitor.py", line 60 in run
[04:57]   [ComfyUI]   File "/home/runner/.ce/.pixi/envs/sharp-nodes/lib/python3.13/threading.py", line 1044 in _bootstrap_inner
[04:57]   [ComfyUI]   File "/home/runner/.ce/.pixi/envs/sharp-nodes/lib/python3.13/threading.py", line 1015 in _bootstrap
[04:57]   [ComfyUI] 
[04:57]   [ComfyUI] Current thread 0x00007fbd5ce846c0 (most recent call first):
[04:57]   [ComfyUI]   File "/tmp/comfyui_pvenv_azr0ws34/persistent_worker.py", line 52 in _watchdog
[04:57]   [ComfyUI]   File "/home/runner/.ce/.pixi/envs/sharp-nodes/lib/python3.13/threading.py", line 995 in run
[04:57]   [ComfyUI]   File "/home/runner/.ce/.pixi/envs/sharp-nodes/lib/python3.13/threading.py", line 1044 in _bootstrap_inner
[04:57]   [ComfyUI]   File "/home/runner/.ce/.pixi/envs/sharp-nodes/lib/python3.13/threading.py", line 1015 in _bootstrap
[04:57]   [ComfyUI] 
[04:57]   [ComfyUI] Thread 0x00007fbd5d9a6740 (most recent call first):
[04:57]   [ComfyUI]   File "/home/runner/.ce/.pixi/envs/sharp-nodes/lib/python3.13/site-packages/torch/nn/modules/linear.py", line 134 in forward
[04:57]   [ComfyUI]   File "/home/runner/work/comfy-gpu-ci/comfy-gpu-ci/test_workspaces/Sharp-1942/ComfyUI/comfy/ops.py", line 484 in forward
[04:57]   [ComfyUI]   File "/home/runner/.ce/.pixi/envs/sharp-nodes/lib/python3.13/site-packages/torch/nn/modules/module.py", line 1787 in _call_impl
[04:57]   [ComfyUI]   File "/home/runner/.ce/.pixi/envs/sharp-nodes/lib/python3.13/site-packages/torch/nn/modules/module.py", line 1776 in _wrapped_call_impl
[04:57]   [ComfyUI]   File "/home/runner/work/comfy-gpu-ci/comfy-gpu-ci/test_workspaces/Sharp-1942/ComfyUI/custom_nodes/ComfyUI-Sharp/nodes/sharp/model.py", line 232 in forward
[04:57]   [ComfyUI]   File "/home/runner/.ce/.pixi/envs/sharp-nodes/lib/python3.13/site-packages/torch/nn/modules/module.py", line 1787 in _call_impl
[04:57]   [ComfyUI]   File "/home/runner/.ce/.pixi/envs/sharp-nodes/lib/python3.13/site-packages/torch/nn/modules/module.py", line 1776 in _wrapped_call_impl
[04:57]   [ComfyUI]   File "/home/runner/work/comfy-gpu-ci/comfy-gpu-ci/test_workspaces/Sharp-1942/ComfyUI/custom_nodes/ComfyUI-Sharp/nodes/sharp/model.py", line 309 in forward
[04:57]   [ComfyUI]   File "/home/runner/.ce/.pixi/envs/sharp-nodes/lib/python3.13/site-packages/torch/nn/modules/module.py", line 1787 in _call_impl
[04:57]   [ComfyUI]   File "/home/runner/.ce/.pixi/envs/sharp-nodes/lib/python3.13/site-packages/torch/nn/modules/module.py", line 1776 in _wrapped_call_impl
[04:57]   [ComfyUI]   File "/home/runner/work/comfy-gpu-ci/comfy-gpu-ci/test_workspaces/Sharp-1942/ComfyUI/custom_nodes/ComfyUI-Sharp/nodes/sharp/model.py", line 412 in forward
[04:57]   [ComfyUI]   File "/home/runner/.ce/.pixi/envs/sharp-nodes/lib/python3.13/site-packages/torch/nn/modules/module.py", line 1787 in _call_impl
[04:57]   [ComfyUI]   File "/home/runner/.ce/.pixi/envs/sharp-nodes/lib/python3.13/site-packages/torch/nn/modules/module.py", line 1776 in _wrapped_call_impl
[04:57]   [ComfyUI]   File "/home/runner/work/comfy-gpu-ci/comfy-gpu-ci/test_workspaces/Sharp-1942/ComfyUI/custom_nodes/ComfyUI-Sharp/nodes/sharp/model.py", line 685 in forward
[04:57]   [ComfyUI]   File "/home/runner/.ce/.pixi/envs/sharp-nodes/lib/python3.13/site-packages/torch/nn/modules/module.py", line 1787 in _call_impl
[04:57]   [ComfyUI]   File "/home/runner/.ce/.pixi/envs/sharp-nodes/lib/python3.13/site-packages/torch/nn/modules/module.py", line 1776 in _wrapped_call_impl
[04:57]   [ComfyUI]   File "/home/runner/work/comfy-gpu-ci/comfy-gpu-ci/test_workspaces/Sharp-1942/ComfyUI/custom_nodes/ComfyUI-Sharp/nodes/sharp/model.py", line 1109 in forward
[04:57]   [ComfyUI]   File "/home/runner/.ce/.pixi/envs/sharp-nodes/lib/python3.13/site-packages/torch/nn/modules/module.py", line 1787 in _call_impl
[04:57]   [ComfyUI]   File "/home/runner/.ce/.pixi/envs/sharp-nodes/lib/python3.13/site-packages/torch/nn/modules/module.py", line 1776 in _wrapped_call_impl
[04:57]   [ComfyUI]   File "/home/runner/work/comfy-gpu-ci/comfy-gpu-ci/test_workspaces/Sharp-1942/ComfyUI/custom_nodes/ComfyUI-Sharp/nodes/sharp/model.py", line 2006 in encode
[04:57]   [ComfyUI]   File "/home/runner/work/comfy-gpu-ci/comfy-gpu-ci/test_workspaces/Sharp-1942/ComfyUI/custom_nodes/ComfyUI-Sharp/nodes/predict.py", line 287 in _predict_image_cached
[04:57]   [ComfyUI]   File "/home/runner/work/comfy-gpu-ci/comfy-gpu-ci/test_workspaces/Sharp-1942/ComfyUI/custom_nodes/ComfyUI-Sharp/nodes/predict.py", line 184 in execute
[04:57]   [ComfyUI]   File "/home/runner/.ce/.pixi/envs/sharp-nodes/lib/python3.13/site-packages/torch/utils/_contextlib.py", line 124 in decorate_context
[04:57]   [ComfyUI]   File "/home/runner/work/comfy-gpu-ci/comfy-gpu-ci/test_workspaces/Sharp-1942/ComfyUI/comfy_api/latest/_io.py", line 1833 in EXECUTE_NORMALIZED
[04:57]   [ComfyUI]   File "/tmp/comfyui_pvenv_azr0ws34/persistent_worker.py", line 1762 in main
[04:57]   [ComfyUI]   File "/tmp/comfyui_pvenv_azr0ws34/persistent_worker.py", line 1807 in <module>
[04:57]   [ComfyUI] 
[04:57]   [ComfyUI] [worker:ComfyUI-Sharp] === END ===
[04:57]   [ComfyUI] 
[05:01]   [capture-loop] iter=1600 t=184.7s state={'complete': False, 'error': None, 'executedCount': 0, 'wsState': 1} eval_ms=3 ram=5.4/15.6GB (34%) swap=0.0/3.0GB (0%) cpu=46% browser_rss=0.85GB
[05:07]   [capture-loop] iter=1650 t=190.4s state={'complete': False, 'error': None, 'executedCount': 0, 'wsState': 1} eval_ms=2 ram=5.4/15.6GB (35%) swap=0.0/3.0GB (0%) cpu=45% browser_rss=0.85GB
[05:13]   [capture-loop] iter=1700 t=195.9s state={'complete': False, 'error': None, 'executedCount': 0, 'wsState': 1} eval_ms=2 ram=5.4/15.6GB (34%) swap=0.0/3.0GB (0%) cpu=46% browser_rss=0.85GB
[05:18]   [capture-loop] iter=1750 t=201.6s state={'complete': False, 'error': None, 'executedCount': 0, 'wsState': 1} eval_ms=2 ram=5.4/15.6GB (35%) swap=0.0/3.0GB (0%) cpu=45% browser_rss=0.85GB
[05:24]   [capture-loop] iter=1800 t=207.2s state={'complete': False, 'error': None, 'executedCount': 0, 'wsState': 1} eval_ms=3 ram=5.4/15.6GB (35%) swap=0.0/3.0GB (0%) cpu=46% browser_rss=0.85GB
[05:30]   [capture-loop] iter=1850 t=212.9s state={'complete': False, 'error': None, 'executedCount': 0, 'wsState': 1} eval_ms=5 ram=5.4/15.6GB (35%) swap=0.0/3.0GB (0%) cpu=46% browser_rss=0.85GB
[05:35]   [capture-loop] iter=1900 t=218.5s state={'complete': False, 'error': None, 'executedCount': 0, 'wsState': 1} eval_ms=4 ram=5.4/15.6GB (35%) swap=0.0/3.0GB (0%) cpu=46% browser_rss=0.85GB
[05:35]   [ComfyUI] [worker:ComfyUI-Sharp] WARNING: [SPN] after all chunks + cache clear: 0.00 GB
[05:35]   [ComfyUI] [worker:ComfyUI-Sharp] WARNING: [SPN] after merge intermediates: 0.00 GB
[05:35]   [ComfyUI] [worker:ComfyUI-Sharp] WARNING: [SPN] after merge all: 0.00 GB
[05:41]   [ComfyUI] [worker:ComfyUI-Sharp] WARNING: [SPN] after image_encoder: 0.00 GB
[05:41]   [capture-loop] iter=1950 t=224.1s state={'complete': False, 'error': None, 'executedCount': 0, 'wsState': 1} eval_ms=3 ram=5.2/15.6GB (34%) swap=0.0/3.0GB (0%) cpu=44% browser_rss=0.85GB
[05:44]   [ComfyUI] [worker:ComfyUI-Sharp] WARNING: [SPN] after upsample: 0.00 GB
[05:44]   [ComfyUI] [worker:ComfyUI-Sharp] WARNING: [Monodepth] after SPN encoder + cache clear: 0.00 GB
[05:46]   [capture-loop] iter=2000 t=229.8s state={'complete': False, 'error': None, 'executedCount': 0, 'wsState': 1} eval_ms=2 ram=5.9/15.6GB (38%) swap=0.0/3.0GB (0%) cpu=47% browser_rss=0.85GB
[05:52]   [capture-loop] iter=2050 t=235.5s state={'complete': False, 'error': None, 'executedCount': 0, 'wsState': 1} eval_ms=6 ram=6.3/15.6GB (40%) swap=0.0/3.0GB (0%) cpu=48% browser_rss=0.85GB
[05:57]   [ComfyUI] [worker:ComfyUI-Sharp]
[05:57]   [ComfyUI] === WATCHDOG TICK 4 ===
[05:57]   [ComfyUI] [worker:ComfyUI-Sharp] Thread 0x00007fbd1d2156c0 (most recent call first):
[05:57]   [ComfyUI]   File "/home/runner/.ce/.pixi/envs/sharp-nodes/lib/python3.13/threading.py", line 363 in wait
[05:57]   [ComfyUI]   File "/home/runner/.ce/.pixi/envs/sharp-nodes/lib/python3.13/threading.py", line 660 in wait
[05:57]   [ComfyUI]   File "/home/runner/.ce/.pixi/envs/sharp-nodes/lib/python3.13/site-packages/tqdm/_monitor.py", line 60 in run
[05:57]   [ComfyUI]   File "/home/runner/.ce/.pixi/envs/sharp-nodes/lib/python3.13/threading.py", line 1044 in _bootstrap_inner
[05:57]   [ComfyUI]   File "/home/runner/.ce/.pixi/envs/sharp-nodes/lib/python3.13/threading.py", line 1015 in _bootstrap
[05:57]   [ComfyUI] 
[05:57]   [ComfyUI] Current thread 0x00007fbd5ce846c0 (most recent call first):
[05:57]   [ComfyUI]   File "/tmp/comfyui_pvenv_azr0ws34/persistent_worker.py", line 52 in _watchdog
[05:57]   [ComfyUI]   File "/home/runner/.ce/.pixi/envs/sharp-nodes/lib/python3.13/threading.py", line 995 in run
[05:57]   [ComfyUI]   File "/home/runner/.ce/.pixi/envs/sharp-nodes/lib/python3.13/threading.py", line 1044 in _bootstrap_inner
[05:57]   [ComfyUI]   File "/home/runner/.ce/.pixi/envs/sharp-nodes/lib/python3.13/threading.py", line 1015 in _bootstrap
[05:57]   [ComfyUI] 
[05:57]   [ComfyUI] Thread 0x00007fbd5d9a6740 (most recent call first):
[05:57]   [ComfyUI]   File "/home/runner/.ce/.pixi/envs/sharp-nodes/lib/python3.13/site-packages/torch/nn/modules/conv.py", line 548 in _conv_forward
[05:57]   [ComfyUI]   File "/home/runner/.ce/.pixi/envs/sharp-nodes/lib/python3.13/site-packages/torch/nn/modules/conv.py", line 553 in forward
[05:57]   [ComfyUI]   File "/home/runner/work/comfy-gpu-ci/comfy-gpu-ci/test_workspaces/Sharp-1942/ComfyUI/comfy/ops.py", line 518 in forward
[05:57]   [ComfyUI]   File "/home/runner/.ce/.pixi/envs/sharp-nodes/lib/python3.13/site-packages/torch/nn/modules/module.py", line 1787 in _call_impl
[05:57]   [ComfyUI]   File "/home/runner/.ce/.pixi/envs/sharp-nodes/lib/python3.13/site-packages/torch/nn/modules/module.py", line 1776 in _wrapped_call_impl
[05:57]   [ComfyUI]   File "/home/runner/.ce/.pixi/envs/sharp-nodes/lib/python3.13/site-packages/torch/nn/modules/container.py", line 253 in forward
[05:57]   [ComfyUI]   File "/home/runner/.ce/.pixi/envs/sharp-nodes/lib/python3.13/site-packages/torch/nn/modules/module.py", line 1787 in _call_impl
[05:57]   [ComfyUI]   File "/home/runner/.ce/.pixi/envs/sharp-nodes/lib/python3.13/site-packages/torch/nn/modules/module.py", line 1776 in _wrapped_call_impl
[05:57]   [ComfyUI]   File "/home/runner/work/comfy-gpu-ci/comfy-gpu-ci/test_workspaces/Sharp-1942/ComfyUI/custom_nodes/ComfyUI-Sharp/nodes/sharp/model.py", line 766 in forward
[05:57]   [ComfyUI]   File "/home/runner/.ce/.pixi/envs/sharp-nodes/lib/python3.13/site-packages/torch/nn/modules/module.py", line 1787 in _call_impl
[05:57]   [ComfyUI]   File "/home/runner/.ce/.pixi/envs/sharp-nodes/lib/python3.13/site-packages/torch/nn/modules/module.py", line 1776 in _wrapped_call_impl
[05:57]   [ComfyUI]   File "/home/runner/work/comfy-gpu-ci/comfy-gpu-ci/test_workspaces/Sharp-1942/ComfyUI/custom_nodes/ComfyUI-Sharp/nodes/sharp/model.py", line 860 in forward
[05:57]   [ComfyUI]   File "/home/runner/.ce/.pixi/envs/sharp-nodes/lib/python3.13/site-packages/torch/nn/modules/module.py", line 1787 in _call_impl
[05:57]   [ComfyUI]   File "/home/runner/.ce/.pixi/envs/sharp-nodes/lib/python3.13/site-packages/torch/nn/modules/module.py", line 1776 in _wrapped_call_impl
[05:57]   [ComfyUI]   File "/home/runner/work/comfy-gpu-ci/comfy-gpu-ci/test_workspaces/Sharp-1942/ComfyUI/custom_nodes/ComfyUI-Sharp/nodes/sharp/model.py", line 970 in forward
[05:57]   [ComfyUI]   File "/home/runner/.ce/.pixi/envs/sharp-nodes/lib/python3.13/site-packages/torch/nn/modules/module.py", line 1787 in _call_impl
[05:57]   [ComfyUI]   File "/home/runner/.ce/.pixi/envs/sharp-nodes/lib/python3.13/site-packages/torch/nn/modules/module.py", line 1776 in _wrapped_call_impl
[05:57]   [ComfyUI]   File "/home/runner/work/comfy-gpu-ci/comfy-gpu-ci/test_workspaces/Sharp-1942/ComfyUI/custom_nodes/ComfyUI-Sharp/nodes/sharp/model.py", line 1118 in forward
[05:57]   [ComfyUI]   File "/home/runner/.ce/.pixi/envs/sharp-nodes/lib/python3.13/site-packages/torch/nn/modules/module.py", line 1787 in _call_impl
[05:57]   [ComfyUI]   File "/home/runner/.ce/.pixi/envs/sharp-nodes/lib/python3.13/site-packages/torch/nn/modules/module.py", line 1776 in _wrapped_call_impl
[05:57]   [ComfyUI]   File "/home/runner/work/comfy-gpu-ci/comfy-gpu-ci/test_workspaces/Sharp-1942/ComfyUI/custom_nodes/ComfyUI-Sharp/nodes/sharp/model.py", line 2006 in encode
[05:57]   [ComfyUI]   File "/home/runner/work/comfy-gpu-ci/comfy-gpu-ci/test_workspaces/Sharp-1942/ComfyUI/custom_nodes/ComfyUI-Sharp/nodes/predict.py", line 287 in _predict_image_cached
[05:57]   [ComfyUI]   File "/home/runner/work/comfy-gpu-ci/comfy-gpu-ci/test_workspaces/Sharp-1942/ComfyUI/custom_nodes/ComfyUI-Sharp/nodes/predict.py", line 184 in execute
[05:57]   [ComfyUI]   File "/home/runner/.ce/.pixi/envs/sharp-nodes/lib/python3.13/site-packages/torch/utils/_contextlib.py", line 124 in decorate_context
[05:57]   [ComfyUI]   File "/home/runner/work/comfy-gpu-ci/comfy-gpu-ci/test_workspaces/Sharp-1942/ComfyUI/comfy_api/latest/_io.py", line 1833 in EXECUTE_NORMALIZED
[05:57]   [ComfyUI]   File "/tmp/comfyui_pvenv_azr0ws34/persistent_worker.py", line 1762 in main
[05:57]   [ComfyUI]   File "/tmp/comfyui_pvenv_azr0ws34/persistent_worker.py", line 1807 in <module>
[05:57]   [ComfyUI] 
[05:57]   [ComfyUI] [worker:ComfyUI-Sharp] === END ===
[05:57]   [ComfyUI] 
[05:58]   [capture-loop] iter=2100 t=241.0s state={'complete': False, 'error': None, 'executedCount': 0, 'wsState': 1} eval_ms=3 ram=6.8/15.6GB (43%) swap=0.0/3.0GB (0%) cpu=45% browser_rss=0.85GB
[06:03]   [capture-loop] iter=2150 t=246.7s state={'complete': False, 'error': None, 'executedCount': 0, 'wsState': 1} eval_ms=3 ram=7.3/15.6GB (47%) swap=0.0/3.0GB (0%) cpu=48% browser_rss=0.85GB
[06:09]   [capture-loop] iter=2200 t=252.4s state={'complete': False, 'error': None, 'executedCount': 0, 'wsState': 1} eval_ms=5 ram=7.3/15.6GB (47%) swap=0.0/3.0GB (0%) cpu=46% browser_rss=0.85GB
[06:15]   [capture-loop] iter=2250 t=257.9s state={'complete': False, 'error': None, 'executedCount': 0, 'wsState': 1} eval_ms=3 ram=7.1/15.6GB (46%) swap=0.0/3.0GB (0%) cpu=45% browser_rss=0.85GB
[06:20]   [capture-loop] iter=2300 t=263.6s state={'complete': False, 'error': None, 'executedCount': 0, 'wsState': 1} eval_ms=3 ram=7.5/15.6GB (48%) swap=0.0/3.0GB (0%) cpu=45% browser_rss=0.85GB
[06:26]   [capture-loop] iter=2350 t=269.1s state={'complete': False, 'error': None, 'executedCount': 0, 'wsState': 1} eval_ms=3 ram=9.2/15.6GB (59%) swap=0.0/3.0GB (0%) cpu=47% browser_rss=0.85GB
[06:31]   [capture-loop] iter=2400 t=274.7s state={'complete': False, 'error': None, 'executedCount': 0, 'wsState': 1} eval_ms=2 ram=8.7/15.6GB (56%) swap=0.0/3.0GB (0%) cpu=45% browser_rss=0.85GB
[06:37]   [capture-loop] iter=2450 t=280.4s state={'complete': False, 'error': None, 'executedCount': 0, 'wsState': 1} eval_ms=2 ram=9.3/15.6GB (60%) swap=0.0/3.0GB (0%) cpu=46% browser_rss=0.85GB
[06:41]   [ComfyUI] [worker:ComfyUI-Sharp] WARNING: [Monodepth] after decoder: 0.00 GB
[06:43]   [capture-loop] iter=2500 t=285.9s state={'complete': False, 'error': None, 'executedCount': 0, 'wsState': 1} eval_ms=3 ram=7.4/15.6GB (47%) swap=0.0/3.0GB (0%) cpu=45% browser_rss=0.85GB
[06:48]   [capture-loop] iter=2550 t=291.6s state={'complete': False, 'error': None, 'executedCount': 0, 'wsState': 1} eval_ms=2 ram=9.8/15.6GB (62%) swap=0.0/3.0GB (0%) cpu=45% browser_rss=0.85GB
[06:51]   [ComfyUI] [worker:ComfyUI-Sharp] WARNING: [Decode] start: 0.00 GB
[06:51]   [ComfyUI] [worker:ComfyUI-Sharp] WARNING: [Decode] after depth_alignment: 0.00 GB
[06:51]   [ComfyUI] [worker:ComfyUI-Sharp] WARNING: [Decode] after init_model: 0.00 GB
[06:54]   [capture-loop] iter=2600 t=297.3s state={'complete': False, 'error': None, 'executedCount': 0, 'wsState': 1} eval_ms=2 ram=6.7/15.6GB (43%) swap=0.0/3.0GB (0%) cpu=47% browser_rss=0.85GB
[06:57]   [ComfyUI] [worker:ComfyUI-Sharp]
[06:57]   [ComfyUI] === WATCHDOG TICK 5 ===
[06:57]   [ComfyUI] [worker:ComfyUI-Sharp] Thread 0x00007fbd1d2156c0 (most recent call first):
[06:57]   [ComfyUI]   File "/home/runner/.ce/.pixi/envs/sharp-nodes/lib/python3.13/threading.py", line 363 in wait
[06:57]   [ComfyUI]   File "/home/runner/.ce/.pixi/envs/sharp-nodes/lib/python3.13/threading.py", line 660 in wait
[06:57]   [ComfyUI]   File "/home/runner/.ce/.pixi/envs/sharp-nodes/lib/python3.13/site-packages/tqdm/_monitor.py", line 60 in run
[06:57]   [ComfyUI]   File "/home/runner/.ce/.pixi/envs/sharp-nodes/lib/python3.13/threading.py", line 1044 in _bootstrap_inner
[06:57]   [ComfyUI]   File "/home/runner/.ce/.pixi/envs/sharp-nodes/lib/python3.13/threading.py", line 1015 in _bootstrap
[06:57]   [ComfyUI] 
[06:57]   [ComfyUI] Current thread 0x00007fbd5ce846c0 (most recent call first):
[06:57]   [ComfyUI]   File "/tmp/comfyui_pvenv_azr0ws34/persistent_worker.py", line 52 in _watchdog
[06:57]   [ComfyUI]   File "/home/runner/.ce/.pixi/envs/sharp-nodes/lib/python3.13/threading.py", line 995 in run
[06:57]   [ComfyUI]   File "/home/runner/.ce/.pixi/envs/sharp-nodes/lib/python3.13/threading.py", line 1044 in _bootstrap_inner
[06:57]   [ComfyUI]   File "/home/runner/.ce/.pixi/envs/sharp-nodes/lib/python3.13/threading.py", line 1015 in _bootstrap
[06:57]   [ComfyUI] 
[06:57]   [ComfyUI] Thread 0x00007fbd5d9a6740 (most recent call first):
[06:57]   [ComfyUI]   File "/home/runner/.ce/.pixi/envs/sharp-nodes/lib/python3.13/site-packages/torch/nn/modules/conv.py", line 1184 in forward
[06:57]   [ComfyUI]   File "/home/runner/work/comfy-gpu-ci/comfy-gpu-ci/test_workspaces/Sharp-1942/ComfyUI/comfy/ops.py", line 651 in forward
[06:57]   [ComfyUI]   File "/home/runner/.ce/.pixi/envs/sharp-nodes/lib/python3.13/site-packages/torch/nn/modules/module.py", line 1787 in _call_impl
[06:57]   [ComfyUI]   File "/home/runner/.ce/.pixi/envs/sharp-nodes/lib/python3.13/site-packages/torch/nn/modules/module.py", line 1776 in _wrapped_call_impl
[06:57]   [ComfyUI]   File "/home/runner/work/comfy-gpu-ci/comfy-gpu-ci/test_workspaces/Sharp-1942/ComfyUI/custom_nodes/ComfyUI-Sharp/nodes/sharp/model.py", line 861 in forward
[06:57]   [ComfyUI]   File "/home/runner/.ce/.pixi/envs/sharp-nodes/lib/python3.13/site-packages/torch/nn/modules/module.py", line 1787 in _call_impl
[06:57]   [ComfyUI]   File "/home/runner/.ce/.pixi/envs/sharp-nodes/lib/python3.13/site-packages/torch/nn/modules/module.py", line 1776 in _wrapped_call_impl
[06:57]   [ComfyUI]   File "/home/runner/work/comfy-gpu-ci/comfy-gpu-ci/test_workspaces/Sharp-1942/ComfyUI/custom_nodes/ComfyUI-Sharp/nodes/sharp/model.py", line 970 in forward
[06:57]   [ComfyUI]   File "/home/runner/.ce/.pixi/envs/sharp-nodes/lib/python3.13/site-packages/torch/nn/modules/module.py", line 1787 in _call_impl
[06:57]   [ComfyUI]   File "/home/runner/.ce/.pixi/envs/sharp-nodes/lib/python3.13/site-packages/torch/nn/modules/module.py", line 1776 in _wrapped_call_impl
[06:57]   [ComfyUI]   File "/home/runner/work/comfy-gpu-ci/comfy-gpu-ci/test_workspaces/Sharp-1942/ComfyUI/custom_nodes/ComfyUI-Sharp/nodes/sharp/model.py", line 1345 in forward
[06:57]   [ComfyUI]   File "/home/runner/.ce/.pixi/envs/sharp-nodes/lib/python3.13/site-packages/torch/nn/modules/module.py", line 1787 in _call_impl
[06:57]   [ComfyUI]   File "/home/runner/.ce/.pixi/envs/sharp-nodes/lib/python3.13/site-packages/torch/nn/modules/module.py", line 1776 in _wrapped_call_impl
[06:57]   [ComfyUI]   File "/home/runner/work/comfy-gpu-ci/comfy-gpu-ci/test_workspaces/Sharp-1942/ComfyUI/custom_nodes/ComfyUI-Sharp/nodes/sharp/model.py", line 2030 in decode
[06:57]   [ComfyUI]   File "/home/runner/work/comfy-gpu-ci/comfy-gpu-ci/test_workspaces/Sharp-1942/ComfyUI/custom_nodes/ComfyUI-Sharp/nodes/predict.py", line 303 in _predict_image_cached
[06:57]   [ComfyUI]   File "/home/runner/work/comfy-gpu-ci/comfy-gpu-ci/test_workspaces/Sharp-1942/ComfyUI/custom_nodes/ComfyUI-Sharp/nodes/predict.py", line 184 in execute
[06:57]   [ComfyUI]   File "/home/runner/.ce/.pixi/envs/sharp-nodes/lib/python3.13/site-packages/torch/utils/_contextlib.py", line 124 in decorate_context
[06:57]   [ComfyUI]   File "/home/runner/work/comfy-gpu-ci/comfy-gpu-ci/test_workspaces/Sharp-1942/ComfyUI/comfy_api/latest/_io.py", line 1833 in EXECUTE_NORMALIZED
[06:57]   [ComfyUI]   File "/tmp/comfyui_pvenv_azr0ws34/persistent_worker.py", line 1762 in main
[06:57]   [ComfyUI]   File "/tmp/comfyui_pvenv_azr0ws34/persistent_worker.py", line 1807 in <module>
[06:57]   [ComfyUI] 
[06:57]   [ComfyUI] [worker:ComfyUI-Sharp] === END ===
[06:57]   [ComfyUI] 
[07:00]   [capture-loop] iter=2650 t=302.8s state={'complete': False, 'error': None, 'executedCount': 0, 'wsState': 1} eval_ms=3 ram=7.5/15.6GB (48%) swap=0.0/3.0GB (0%) cpu=45% browser_rss=0.85GB
[07:05]   [capture-loop] iter=2700 t=308.5s state={'complete': False, 'error': None, 'executedCount': 0, 'wsState': 1} eval_ms=4 ram=8.2/15.6GB (52%) swap=0.0/3.0GB (0%) cpu=45% browser_rss=0.85GB
[07:11]   [capture-loop] iter=2750 t=314.0s state={'complete': False, 'error': None, 'executedCount': 0, 'wsState': 1} eval_ms=2 ram=7.7/15.6GB (50%) swap=0.0/3.0GB (0%) cpu=45% browser_rss=0.84GB
[07:16]   [capture-loop] iter=2800 t=319.7s state={'complete': False, 'error': None, 'executedCount': 0, 'wsState': 1} eval_ms=3 ram=7.8/15.6GB (50%) swap=0.0/3.0GB (0%) cpu=45% browser_rss=0.85GB
[07:22]   [capture-loop] iter=2850 t=325.3s state={'complete': False, 'error': None, 'executedCount': 0, 'wsState': 1} eval_ms=3 ram=7.8/15.6GB (50%) swap=0.0/3.0GB (0%) cpu=46% browser_rss=0.85GB
[07:26]   [ComfyUI] [worker:ComfyUI-Sharp] WARNING: [Decode] after feature_model: 0.00 GB
[07:26]   [ComfyUI] [worker:ComfyUI-Sharp] WARNING: [Decode] after prediction_head: 0.00 GB
[07:28]   [capture-loop] iter=2900 t=330.9s state={'complete': False, 'error': None, 'executedCount': 0, 'wsState': 1} eval_ms=2 ram=6.7/15.6GB (43%) swap=0.0/3.0GB (0%) cpu=44% browser_rss=0.85GB
[07:31]   [ComfyUI] [SubprocessWorker] callback 'report_progress' from call_id=2
[07:31]   [ComfyUI] [SubprocessWorker] got response: ok
[07:31]   [ComfyUI] [comfy-env] SharpPredict done (320.15s): result: NodeOutput
[07:31]   [ComfyUI] [comfy-env] Running GeomPackPreviewGaussian: ply_path: '/home/runner/work/comfy-gpu-ci/comfy-gpu-ci/test_workspa..., extrinsics: list[4], intrinsics: list[3]
[07:31]   [ComfyUI] [comfy-env] SubprocessWorker: /home/runner/.ce/.pixi/envs/geometrypack-nodes/bin/python
[07:31]   [ComfyUI] [comfy-env] env_vars: {'KMP_DUPLICATE_LIB_OK': 'TRUE', 'OMP_NUM_THREADS': '1', 'COMFYUI_BASE': '/home/runner/work/comfy-gpu-ci/comfy-gpu-ci/test_workspaces/Sharp-1942/ComfyUI'}
[07:31]   [ComfyUI] [SubprocessWorker] call_method: nodes.visualization.preview_gaussian.PreviewGaussianNode.EXECUTE_NORMALIZED
[07:31]   [ComfyUI] [ComfyUI-GeometryPack] python: /home/runner/.ce/.pixi/envs/geometrypack-nodes/bin/python
[07:31]   [ComfyUI] [SubprocessWorker] acquired lock, ensuring started...
[07:31]   [ComfyUI] [ComfyUI-GeometryPack] sys_path sent to worker: ['/home/runner/work/comfy-gpu-ci/comfy-gpu-ci/test_workspaces/Sharp-1942/ComfyUI', '/home/runner/work/comfy-gpu-ci/comfy-gpu-ci/test_workspaces/Sharp-1942/ComfyUI/custom_nodes/ComfyUI-GeometryPack', '/home/runner/.ce/.pixi/envs/geometrypack-nodes/lib/python3.13/site-packages', '/home/runner/work/comfy-gpu-ci/comfy-gpu-ci/test_workspaces/Sharp-1942/ComfyUI/custom_nodes/ComfyUI-GeometryPack']
[07:31]   [ComfyUI] [SubprocessWorker] is_pixi=True, python=/home/runner/.ce/.pixi/envs/geometrypack-nodes/bin/python
[07:31]   [ComfyUI] [SubprocessWorker] launching cmd=['/home/runner/.pixi/bin/pixi', 'run', '--as-is', '--manifest-path', '/home/runner/.ce/pixi.toml', '-e', 'geometrypack-nodes', 'python', '/tmp/comfyui_pvenv_bvvz736q/persistent_worker.py', 'abstract://comfy_worker_4f5b80ebd942']...
[07:31]   [ComfyUI] [SubprocessWorker] socket_addr=abstract://comfy_worker_4f5b80ebd942 (abstract, no filesystem path)
[07:32]   [ComfyUI] [worker:ComfyUI-GeometryPack] ERROR: Failed to import comfy_kitchen, Error: No module named 'comfy_kitchen', fp8 and fp4 support will not be available.
[07:32]   [ComfyUI] [SubprocessWorker] worker started/confirmed
[07:32]   [ComfyUI] [SubprocessWorker] serializing kwargs to shm...
[07:32]   [ComfyUI] [SubprocessWorker] created 0 shm blocks
[07:32]   [ComfyUI] [SubprocessWorker] sending request via socket...
[07:32]   [ComfyUI] [SubprocessWorker] call_id=1 sending call_method
[07:33]   Frame 7 saved (frame_006.jpg, t=335.6s)
[07:33]   [capture-periodic] freeze=4ms shot=115ms unfreeze=4ms saved=True
[07:33]   [capture-loop] iter=2950 t=336.5s state={'complete': False, 'error': None, 'executedCount': 0, 'wsState': 1} eval_ms=6 ram=6.7/15.6GB (43%) swap=0.0/3.0GB (0%) cpu=41% browser_rss=0.85GB
[07:35]   [ComfyUI] [worker:ComfyUI-GeometryPack] INFO: Loading PLY: sharp_1778960700121.ply (63.00 MB)
[07:35]   [ComfyUI] [SubprocessWorker] got response: ok
[07:35]   [ComfyUI] [comfy-env] GeomPackPreviewGaussian done (3.99s): result: NodeOutput
[07:35]   [ComfyUI] Prompt executed in 337.80 seconds
[07:35]   Node executed (1 total), capturing...
[07:35]   Frame 8 saved (frame_007.jpg, t=338.2s)
[07:35]   [capture-node] freeze=3ms shot=147ms unfreeze=24ms saved=True
[07:36]   Execution complete (t=339.5s)
[07:36]   [3d-wait] Phase 1: Waiting for 'Loading 3D Model' text to disappear...
[07:36]   [3d-wait] Phase 1 done in 0.0s
[07:36]   [3d-wait] Phase 2: iframes=1
[07:36]   [3d-wait] iframe viewer_ready=True (matched 1 console logs)
[07:36]   [3d-wait] Unfrozen in 0.003s, rendering for 5s...
[07:48]   [3d-wait] JS halted via CDP after 12.0s
[08:20]   [3d-wait] Re-frozen in 43.2s
[08:20]   [3d-wait] Total 3D wait: 43.2s
[08:20]   Captured 8 unique frames over 382.9s
[08:20]   [debug] iframes: 1
[08:20]   [debug]   iframe[0]: src=http://127.0.0.1:41883/extensions/ComfyUI-GeometryPack/viewer_gaussian.html?v=17, canvas=1536x1024, rafFrozen=True
[08:20]   [timing] trigger_3d_previews: 0.0s
[08:22]   Saved high-quality screenshot: sharp_basic_executed.png
[08:22]   [timing] final_screenshot: 0.3s
[08:22] Capturing execution frames: sharp_exif.json
[08:29]   Frame 1 saved (frame_000.jpg, t=0.0s)
[08:29]   Validating workflow...
[08:29]   [ComfyUI] === /validate endpoint called ===
[08:29]   [ComfyUI] Received JSON with keys: ['prompt']
[08:29]   [ComfyUI] Prompt has 4 nodes
[08:29]   [ComfyUI]   Node 2: LoadSharpModel
[08:29]   [ComfyUI]     Inputs: {"precision": "auto"}
[08:29]   [ComfyUI]   Node 7: SharpPredict
[08:29]   [ComfyUI]     Inputs: {"focal_length_mm": ["9", 2], "output_prefix": "sharp", "model": ["2", 0], "image": ["9", 0]}
[08:29]   Queuing workflow for execution...
[08:29]   [ComfyUI]   Node 8: GeomPackPreviewGaussian
[08:29]   [ComfyUI]     Inputs: {"preview_gaussian": "", "ply_path": ["7", 0], "extrinsics": ["7", 1], "intrinsics": ["7", 2]}
[08:29]   [ComfyUI]   Node 9: LoadImageWithExif
[08:29]   [ComfyUI]     Inputs: {"image": "eth3d.png", "default_focal_mm": 30}
[08:29]   [ComfyUI] Generated prompt_id: a8603d96-da1e-4946-98a2-a61d9a317045
[08:29]   [ComfyUI] Calling execution.validate_prompt()...
[08:29]   [ComfyUI] Validation result: valid=True
[08:29]   [ComfyUI] === Validation PASSED ===
[08:29]   [ComfyUI] got prompt
[08:29]   [ComfyUI] [comfy-env] Running LoadImageWithExif: image: 'eth3d.png', default_focal_mm: 30.0
[08:29]   [ComfyUI] [SubprocessWorker] call_method: nodes.load_image_exif.LoadImageWithExif.EXECUTE_NORMALIZED
[08:29]   [ComfyUI] [SubprocessWorker] acquired lock, ensuring started...
[08:29]   [ComfyUI] [ComfyUI-Sharp] Health check: ping (timeout=5.0s)...
[08:29]   [ComfyUI] [ComfyUI-Sharp] Health check: failed
[08:29]   [ComfyUI] [ComfyUI-Sharp] Socket unhealthy, restarting worker...
[08:29]   [ComfyUI] [ComfyUI-Sharp] python: /home/runner/.ce/.pixi/envs/sharp-nodes/bin/python
[08:29]   [ComfyUI] [ComfyUI-Sharp] sys_path sent to worker: ['/home/runner/work/comfy-gpu-ci/comfy-gpu-ci/test_workspaces/Sharp-1942/ComfyUI', '/home/runner/work/comfy-gpu-ci/comfy-gpu-ci/test_workspaces/Sharp-1942/ComfyUI/custom_nodes/ComfyUI-Sharp', '/home/runner/.ce/.pixi/envs/sharp-nodes/lib/python3.13/site-packages', '/home/runner/work/comfy-gpu-ci/comfy-gpu-ci/test_workspaces/Sharp-1942/ComfyUI/custom_nodes/ComfyUI-Sharp']
[08:29]   [ComfyUI] [SubprocessWorker] is_pixi=True, python=/home/runner/.ce/.pixi/envs/sharp-nodes/bin/python
[08:29]   [ComfyUI] [SubprocessWorker] launching cmd=['/home/runner/.pixi/bin/pixi', 'run', '--as-is', '--manifest-path', '/home/runner/.ce/pixi.toml', '-e', 'sharp-nodes', 'python', '/tmp/comfyui_pvenv_azr0ws34/persistent_worker.py', 'abstract://comfy_worker_f98ef57b183d']...
[08:29]   [ComfyUI] [SubprocessWorker] socket_addr=abstract://comfy_worker_f98ef57b183d (abstract, no filesystem path)
[08:30]   [ComfyUI] [worker:ComfyUI-Sharp] ERROR: Failed to import comfy_kitchen, Error: No module named 'comfy_kitchen', fp8 and fp4 support will not be available.
[08:30]   [ComfyUI] [SubprocessWorker] worker started/confirmed
[08:30]   [ComfyUI] [SubprocessWorker] serializing kwargs to shm...
[08:30]   [ComfyUI] [SubprocessWorker] created 0 shm blocks
[08:30]   [ComfyUI] [SubprocessWorker] sending request via socket...
[08:30]   [ComfyUI] [SubprocessWorker] call_id=3 sending call_method
[08:31]   Frame 2 saved (frame_001.jpg, t=2.3s)
[08:31]   [capture-periodic] freeze=3ms shot=134ms unfreeze=3ms saved=True
[08:31]   [ComfyUI] [SubprocessWorker] got response: ok
[08:31]   [ComfyUI] [comfy-env] LoadImageWithExif done (2.46s): result: NodeOutput
[08:31]   [ComfyUI] [comfy-env] Running LoadSharpModel: precision: 'auto'
[08:31]   [ComfyUI] [SubprocessWorker] call_method: nodes.load_model.LoadSharpModel.EXECUTE_NORMALIZED
[08:31]   [ComfyUI] [SubprocessWorker] acquired lock, ensuring started...
[08:31]   [ComfyUI] [ComfyUI-Sharp] Health check: ping (timeout=5.0s)...
[08:31]   [ComfyUI] [ComfyUI-Sharp] Health check: ok
[08:31]   [ComfyUI] [SubprocessWorker] worker started/confirmed
[08:31]   [ComfyUI] [SubprocessWorker] serializing kwargs to shm...
[08:31]   [ComfyUI] [SubprocessWorker] created 0 shm blocks
[08:31]   [ComfyUI] [SubprocessWorker] sending request via socket...
[08:31]   [ComfyUI] [SubprocessWorker] call_id=4 sending call_method
[08:31]   [ComfyUI] [SubprocessWorker] got response: ok
[08:31]   [ComfyUI] [comfy-env] LoadSharpModel done (0.11s): result: NodeOutput
[08:31]   [ComfyUI] [comfy-env] Running SharpPredict: focal_length_mm: 20.0, output_prefix: 'sharp', model: dict, image: torch.float32 [1,2022,3040,3] cpu
[08:31]   [ComfyUI] [SubprocessWorker] call_method: nodes.predict.SharpPredict.EXECUTE_NORMALIZED
[08:31]   [ComfyUI] [SubprocessWorker] acquired lock, ensuring started...
[08:31]   [ComfyUI] [ComfyUI-Sharp] Health check: ping (timeout=5.0s)...
[08:31]   [ComfyUI] [ComfyUI-Sharp] Health check: ok
[08:31]   [ComfyUI] [SubprocessWorker] worker started/confirmed
[08:31]   [ComfyUI] [comfy-env] PRE-SERIALIZE 'image' shape: torch.Size([1, 2022, 3040, 3])
[08:31]   [ComfyUI] [SubprocessWorker] serializing kwargs to shm...
[08:31]   [ComfyUI] [SubprocessWorker] created 0 shm blocks
[08:31]   [ComfyUI] [SubprocessWorker] sending request via socket...
[08:31]   [ComfyUI] [SubprocessWorker] call_id=5 sending call_method
[08:31]   [ComfyUI] [worker:ComfyUI-Sharp] [comfy-env] _from_shm got dict with keys: ['__type__', 'strategy', 'parent_pid', 'fd', 'storage_size']
[08:31]   [ComfyUI] [worker:ComfyUI-Sharp] [comfy-env] DESERIALIZE TensorRef: tensor_size=[1, 2022, 3040, 3]
[08:31]   [ComfyUI] [worker:ComfyUI-Sharp] [comfy-env] DESERIALIZED tensor shape: torch.Size([1, 2022, 3040, 3])
[08:31]   [ComfyUI] [worker:ComfyUI-Sharp] WARNING: No comfy kitchen, using old apply_rope functions.
[08:33]   Frame 3 saved (frame_002.jpg, t=4.5s)
[08:33]   [capture-periodic] freeze=2ms shot=131ms unfreeze=4ms saved=True
[08:34]   [capture-loop] iter=50 t=5.8s state={'complete': False, 'error': None, 'executedCount': 0, 'wsState': 1} eval_ms=3 ram=4.6/15.6GB (29%) swap=0.0/3.0GB (0%) cpu=79% browser_rss=1.00GB
[08:35]   [ComfyUI] [SubprocessWorker] callback 'request_vram_budget' from call_id=5
[08:35]   [ComfyUI] [comfy-env] VRAM request: 2.81GB, free before eviction: 10.82GB
[08:35]   [ComfyUI] [comfy-env] VRAM after eviction: 10.82GB
[08:35]   [ComfyUI] [worker:ComfyUI-Sharp] WARNING: [SPN] start: 0.00 GB, input=[1, 3, 1536, 1536]
[08:35]   [ComfyUI] [worker:ComfyUI-Sharp] WARNING: [SPN] patches: 0.00 GB, x0=25 x1=9 x2=1 total=35
[08:40]   [capture-loop] iter=100 t=11.6s state={'complete': False, 'error': None, 'executedCount': 0, 'wsState': 1} eval_ms=5 ram=5.8/15.6GB (37%) swap=0.0/3.0GB (0%) cpu=48% browser_rss=0.92GB
[08:45]   [capture-loop] iter=150 t=17.1s state={'complete': False, 'error': None, 'executedCount': 0, 'wsState': 1} eval_ms=2 ram=5.7/15.6GB (37%) swap=0.0/3.0GB (0%) cpu=45% browser_rss=0.92GB
[08:51]   [capture-loop] iter=200 t=22.8s state={'complete': False, 'error': None, 'executedCount': 0, 'wsState': 1} eval_ms=2 ram=5.7/15.6GB (37%) swap=0.0/3.0GB (0%) cpu=45% browser_rss=0.92GB
[08:56]   [ComfyUI] [worker:ComfyUI-Sharp] WARNING: [SPN] after first chunk (4/35): 0.00 GB, chunk_size=4
[08:57]   [capture-loop] iter=250 t=28.4s state={'complete': False, 'error': None, 'executedCount': 0, 'wsState': 1} eval_ms=3 ram=5.7/15.6GB (36%) swap=0.0/3.0GB (0%) cpu=48% browser_rss=0.92GB
[09:02]   [capture-loop] iter=300 t=34.0s state={'complete': False, 'error': None, 'executedCount': 0, 'wsState': 1} eval_ms=3 ram=5.7/15.6GB (36%) swap=0.0/3.0GB (0%) cpu=46% browser_rss=0.92GB
[09:08]   [capture-loop] iter=350 t=39.7s state={'complete': False, 'error': None, 'executedCount': 0, 'wsState': 1} eval_ms=3 ram=5.7/15.6GB (37%) swap=0.0/3.0GB (0%) cpu=45% browser_rss=0.93GB
[09:14]   [capture-loop] iter=400 t=45.3s state={'complete': False, 'error': None, 'executedCount': 0, 'wsState': 1} eval_ms=2 ram=5.7/15.6GB (36%) swap=0.0/3.0GB (0%) cpu=44% browser_rss=0.92GB
[09:19]   [capture-loop] iter=450 t=51.0s state={'complete': False, 'error': None, 'executedCount': 0, 'wsState': 1} eval_ms=3 ram=5.8/15.6GB (37%) swap=0.0/3.0GB (0%) cpu=46% browser_rss=0.92GB
[09:25]   [capture-loop] iter=500 t=56.6s state={'complete': False, 'error': None, 'executedCount': 0, 'wsState': 1} eval_ms=3 ram=5.7/15.6GB (37%) swap=0.0/3.0GB (0%) cpu=45% browser_rss=0.92GB
[09:29]   [ComfyUI] [worker:ComfyUI-Sharp]
[09:29]   [ComfyUI] === WATCHDOG TICK 1 ===
[09:29]   [ComfyUI] [worker:ComfyUI-Sharp] Thread 0x00007fe907ca66c0 (most recent call first):
[09:29]   [ComfyUI]   File "/home/runner/.ce/.pixi/envs/sharp-nodes/lib/python3.13/socket.py", line 295 in accept
[09:29]   [ComfyUI]   File "/home/runner/.ce/.pixi/envs/sharp-nodes/lib/python3.13/multiprocessing/connection.py", line 648 in accept
[09:29]   [ComfyUI]   File "/home/runner/.ce/.pixi/envs/sharp-nodes/lib/python3.13/multiprocessing/connection.py", line 493 in accept
[09:29]   [ComfyUI]   File "/home/runner/.ce/.pixi/envs/sharp-nodes/lib/python3.13/multiprocessing/resource_sharer.py", line 138 in _serve
[09:29]   [ComfyUI]   File "/home/runner/.ce/.pixi/envs/sharp-nodes/lib/python3.13/threading.py", line 995 in run
[09:29]   [ComfyUI]   File "/home/runner/.ce/.pixi/envs/sharp-nodes/lib/python3.13/threading.py", line 1044 in _bootstrap_inner
[09:29]   [ComfyUI]   File "/home/runner/.ce/.pixi/envs/sharp-nodes/lib/python3.13/threading.py", line 1015 in _bootstrap
[09:29]   [ComfyUI] 
[09:29]   [ComfyUI] Current thread 0x00007fe94adc76c0 (most recent call first):
[09:29]   [ComfyUI]   File "/tmp/comfyui_pvenv_azr0ws34/persistent_worker.py", line 52 in _watchdog
[09:29]   [ComfyUI]   File "/home/runner/.ce/.pixi/envs/sharp-nodes/lib/python3.13/threading.py", line 995 in run
[09:29]   [ComfyUI]   File "/home/runner/.ce/.pixi/envs/sharp-nodes/lib/python3.13/threading.py", line 1044 in _bootstrap_inner
[09:29]   [ComfyUI]   File "/home/runner/.ce/.pixi/envs/sharp-nodes/lib/python3.13/threading.py", line 1015 in _bootstrap
[09:29]   [ComfyUI] 
[09:29]   [ComfyUI] Thread 0x00007fe94b8e7740 (most recent call first):
[09:29]   [ComfyUI]   File "/home/runner/.ce/.pixi/envs/sharp-nodes/lib/python3.13/site-packages/torch/nn/modules/linear.py", line 134 in forward
[09:29]   [ComfyUI]   File "/home/runner/work/comfy-gpu-ci/comfy-gpu-ci/test_workspaces/Sharp-1942/ComfyUI/comfy/ops.py", line 484 in forward
[09:29]   [ComfyUI]   File "/home/runner/.ce/.pixi/envs/sharp-nodes/lib/python3.13/site-packages/torch/nn/modules/module.py", line 1787 in _call_impl
[09:29]   [ComfyUI]   File "/home/runner/.ce/.pixi/envs/sharp-nodes/lib/python3.13/site-packages/torch/nn/modules/module.py", line 1776 in _wrapped_call_impl
[09:29]   [ComfyUI]   File "/home/runner/work/comfy-gpu-ci/comfy-gpu-ci/test_workspaces/Sharp-1942/ComfyUI/custom_nodes/ComfyUI-Sharp/nodes/sharp/model.py", line 232 in forward
[09:29]   [ComfyUI]   File "/home/runner/.ce/.pixi/envs/sharp-nodes/lib/python3.13/site-packages/torch/nn/modules/module.py", line 1787 in _call_impl
[09:29]   [ComfyUI]   File "/home/runner/.ce/.pixi/envs/sharp-nodes/lib/python3.13/site-packages/torch/nn/modules/module.py", line 1776 in _wrapped_call_impl
[09:29]   [ComfyUI]   File "/home/runner/work/comfy-gpu-ci/comfy-gpu-ci/test_workspaces/Sharp-1942/ComfyUI/custom_nodes/ComfyUI-Sharp/nodes/sharp/model.py", line 309 in forward
[09:29]   [ComfyUI]   File "/home/runner/.ce/.pixi/envs/sharp-nodes/lib/python3.13/site-packages/torch/nn/modules/module.py", line 1787 in _call_impl
[09:29]   [ComfyUI]   File "/home/runner/.ce/.pixi/envs/sharp-nodes/lib/python3.13/site-packages/torch/nn/modules/module.py", line 1776 in _wrapped_call_impl
[09:29]   [ComfyUI]   File "/home/runner/work/comfy-gpu-ci/comfy-gpu-ci/test_workspaces/Sharp-1942/ComfyUI/custom_nodes/ComfyUI-Sharp/nodes/sharp/model.py", line 412 in forward
[09:29]   [ComfyUI]   File "/home/runner/.ce/.pixi/envs/sharp-nodes/lib/python3.13/site-packages/torch/nn/modules/module.py", line 1787 in _call_impl
[09:29]   [ComfyUI]   File "/home/runner/.ce/.pixi/envs/sharp-nodes/lib/python3.13/site-packages/torch/nn/modules/module.py", line 1776 in _wrapped_call_impl
[09:29]   [ComfyUI]   File "/home/runner/work/comfy-gpu-ci/comfy-gpu-ci/test_workspaces/Sharp-1942/ComfyUI/custom_nodes/ComfyUI-Sharp/nodes/sharp/model.py", line 685 in forward
[09:29]   [ComfyUI]   File "/home/runner/.ce/.pixi/envs/sharp-nodes/lib/python3.13/site-packages/torch/nn/modules/module.py", line 1787 in _call_impl
[09:29]   [ComfyUI]   File "/home/runner/.ce/.pixi/envs/sharp-nodes/lib/python3.13/site-packages/torch/nn/modules/module.py", line 1776 in _wrapped_call_impl
[09:29]   [ComfyUI]   File "/home/runner/work/comfy-gpu-ci/comfy-gpu-ci/test_workspaces/Sharp-1942/ComfyUI/custom_nodes/ComfyUI-Sharp/nodes/sharp/model.py", line 1109 in forward
[09:29]   [ComfyUI]   File "/home/runner/.ce/.pixi/envs/sharp-nodes/lib/python3.13/site-packages/torch/nn/modules/module.py", line 1787 in _call_impl
[09:29]   [ComfyUI]   File "/home/runner/.ce/.pixi/envs/sharp-nodes/lib/python3.13/site-packages/torch/nn/modules/module.py", line 1776 in _wrapped_call_impl
[09:29]   [ComfyUI]   File "/home/runner/work/comfy-gpu-ci/comfy-gpu-ci/test_workspaces/Sharp-1942/ComfyUI/custom_nodes/ComfyUI-Sharp/nodes/sharp/model.py", line 2006 in encode
[09:29]   [ComfyUI]   File "/home/runner/work/comfy-gpu-ci/comfy-gpu-ci/test_workspaces/Sharp-1942/ComfyUI/custom_nodes/ComfyUI-Sharp/nodes/predict.py", line 287 in _predict_image_cached
[09:29]   [ComfyUI]   File "/home/runner/work/comfy-gpu-ci/comfy-gpu-ci/test_workspaces/Sharp-1942/ComfyUI/custom_nodes/ComfyUI-Sharp/nodes/predict.py", line 184 in execute
[09:29]   [ComfyUI]   File "/home/runner/.ce/.pixi/envs/sharp-nodes/lib/python3.13/site-packages/torch/utils/_contextlib.py", line 124 in decorate_context
[09:29]   [ComfyUI]   File "/home/runner/work/comfy-gpu-ci/comfy-gpu-ci/test_workspaces/Sharp-1942/ComfyUI/comfy_api/latest/_io.py", line 1833 in EXECUTE_NORMALIZED
[09:29]   [ComfyUI]   File "/tmp/comfyui_pvenv_azr0ws34/persistent_worker.py", line 1762 in main
[09:29]   [ComfyUI]   File "/tmp/comfyui_pvenv_azr0ws34/persistent_worker.py", line 1807 in <module>
[09:29]   [ComfyUI] 
[09:29]   [ComfyUI] [worker:ComfyUI-Sharp] === END ===
[09:29]   [ComfyUI] 
[09:31]   [capture-loop] iter=550 t=62.2s state={'complete': False, 'error': None, 'executedCount': 0, 'wsState': 1} eval_ms=5 ram=5.8/15.6GB (37%) swap=0.0/3.0GB (0%) cpu=46% browser_rss=0.91GB
[09:36]   [capture-loop] iter=600 t=67.8s state={'complete': False, 'error': None, 'executedCount': 0, 'wsState': 1} eval_ms=3 ram=5.8/15.6GB (37%) swap=0.0/3.0GB (0%) cpu=46% browser_rss=0.91GB
[09:42]   [capture-loop] iter=650 t=73.4s state={'complete': False, 'error': None, 'executedCount': 0, 'wsState': 1} eval_ms=2 ram=5.8/15.6GB (37%) swap=0.0/3.0GB (0%) cpu=47% browser_rss=0.91GB
[09:47]   [capture-loop] iter=700 t=79.1s state={'complete': False, 'error': None, 'executedCount': 0, 'wsState': 1} eval_ms=3 ram=5.8/15.6GB (37%) swap=0.0/3.0GB (0%) cpu=44% browser_rss=0.92GB
[09:53]   [capture-loop] iter=750 t=84.7s state={'complete': False, 'error': None, 'executedCount': 0, 'wsState': 1} eval_ms=4 ram=5.8/15.6GB (37%) swap=0.0/3.0GB (0%) cpu=45% browser_rss=0.92GB
[09:59]   [capture-loop] iter=800 t=90.3s state={'complete': False, 'error': None, 'executedCount': 0, 'wsState': 1} eval_ms=2 ram=5.8/15.6GB (37%) swap=0.0/3.0GB (0%) cpu=43% browser_rss=0.92GB
[10:04]   [capture-loop] iter=850 t=96.0s state={'complete': False, 'error': None, 'executedCount': 0, 'wsState': 1} eval_ms=2 ram=5.8/15.6GB (37%) swap=0.0/3.0GB (0%) cpu=47% browser_rss=0.92GB
[10:10]   [capture-loop] iter=900 t=101.5s state={'complete': False, 'error': None, 'executedCount': 0, 'wsState': 1} eval_ms=3 ram=5.8/15.6GB (37%) swap=0.0/3.0GB (0%) cpu=44% browser_rss=0.92GB
[10:16]   [capture-loop] iter=950 t=107.2s state={'complete': False, 'error': None, 'executedCount': 0, 'wsState': 1} eval_ms=2 ram=5.9/15.6GB (38%) swap=0.0/3.0GB (0%) cpu=46% browser_rss=0.92GB
[10:21]   [capture-loop] iter=1000 t=112.8s state={'complete': False, 'error': None, 'executedCount': 0, 'wsState': 1} eval_ms=6 ram=5.9/15.6GB (38%) swap=0.0/3.0GB (0%) cpu=44% browser_rss=0.92GB
[10:27]   [capture-loop] iter=1050 t=118.4s state={'complete': False, 'error': None, 'executedCount': 0, 'wsState': 1} eval_ms=2 ram=5.9/15.6GB (38%) swap=0.0/3.0GB (0%) cpu=45% browser_rss=0.92GB
[10:29]   [ComfyUI] [worker:ComfyUI-Sharp]
[10:29]   [ComfyUI] === WATCHDOG TICK 2 ===
[10:29]   [ComfyUI] [worker:ComfyUI-Sharp] Thread 0x00007fe907ca66c0 (most recent call first):
[10:29]   [ComfyUI]   File "/home/runner/.ce/.pixi/envs/sharp-nodes/lib/python3.13/socket.py", line 295 in accept
[10:29]   [ComfyUI]   File "/home/runner/.ce/.pixi/envs/sharp-nodes/lib/python3.13/multiprocessing/connection.py", line 648 in accept
[10:29]   [ComfyUI]   File "/home/runner/.ce/.pixi/envs/sharp-nodes/lib/python3.13/multiprocessing/connection.py", line 493 in accept
[10:29]   [ComfyUI]   File "/home/runner/.ce/.pixi/envs/sharp-nodes/lib/python3.13/multiprocessing/resource_sharer.py", line 138 in _serve
[10:29]   [ComfyUI]   File "/home/runner/.ce/.pixi/envs/sharp-nodes/lib/python3.13/threading.py", line 995 in run
[10:29]   [ComfyUI]   File "/home/runner/.ce/.pixi/envs/sharp-nodes/lib/python3.13/threading.py", line 1044 in _bootstrap_inner
[10:29]   [ComfyUI]   File "/home/runner/.ce/.pixi/envs/sharp-nodes/lib/python3.13/threading.py", line 1015 in _bootstrap
[10:29]   [ComfyUI] 
[10:29]   [ComfyUI] Current thread 0x00007fe94adc76c0 (most recent call first):
[10:29]   [ComfyUI]   File "/tmp/comfyui_pvenv_azr0ws34/persistent_worker.py", line 52 in _watchdog
[10:29]   [ComfyUI]   File "/home/runner/.ce/.pixi/envs/sharp-nodes/lib/python3.13/threading.py", line 995 in run
[10:29]   [ComfyUI]   File "/home/runner/.ce/.pixi/envs/sharp-nodes/lib/python3.13/threading.py", line 1044 in _bootstrap_inner
[10:29]   [ComfyUI]   File "/home/runner/.ce/.pixi/envs/sharp-nodes/lib/python3.13/threading.py", line 1015 in _bootstrap
[10:29]   [ComfyUI] 
[10:29]   [ComfyUI] Thread 0x00007fe94b8e7740 (most recent call first):
[10:29]   [ComfyUI]   File "/home/runner/.ce/.pixi/envs/sharp-nodes/lib/python3.13/site-packages/torch/nn/modules/linear.py", line 134 in forward
[10:29]   [ComfyUI]   File "/home/runner/work/comfy-gpu-ci/comfy-gpu-ci/test_workspaces/Sharp-1942/ComfyUI/comfy/ops.py", line 484 in forward
[10:29]   [ComfyUI]   File "/home/runner/.ce/.pixi/envs/sharp-nodes/lib/python3.13/site-packages/torch/nn/modules/module.py", line 1787 in _call_impl
[10:29]   [ComfyUI]   File "/home/runner/.ce/.pixi/envs/sharp-nodes/lib/python3.13/site-packages/torch/nn/modules/module.py", line 1776 in _wrapped_call_impl
[10:29]   [ComfyUI]   File "/home/runner/work/comfy-gpu-ci/comfy-gpu-ci/test_workspaces/Sharp-1942/ComfyUI/custom_nodes/ComfyUI-Sharp/nodes/sharp/model.py", line 232 in forward
[10:29]   [ComfyUI]   File "/home/runner/.ce/.pixi/envs/sharp-nodes/lib/python3.13/site-packages/torch/nn/modules/module.py", line 1787 in _call_impl
[10:29]   [ComfyUI]   File "/home/runner/.ce/.pixi/envs/sharp-nodes/lib/python3.13/site-packages/torch/nn/modules/module.py", line 1776 in _wrapped_call_impl
[10:29]   [ComfyUI]   File "/home/runner/work/comfy-gpu-ci/comfy-gpu-ci/test_workspaces/Sharp-1942/ComfyUI/custom_nodes/ComfyUI-Sharp/nodes/sharp/model.py", line 309 in forward
[10:29]   [ComfyUI]   File "/home/runner/.ce/.pixi/envs/sharp-nodes/lib/python3.13/site-packages/torch/nn/modules/module.py", line 1787 in _call_impl
[10:29]   [ComfyUI]   File "/home/runner/.ce/.pixi/envs/sharp-nodes/lib/python3.13/site-packages/torch/nn/modules/module.py", line 1776 in _wrapped_call_impl
[10:29]   [ComfyUI]   File "/home/runner/work/comfy-gpu-ci/comfy-gpu-ci/test_workspaces/Sharp-1942/ComfyUI/custom_nodes/ComfyUI-Sharp/nodes/sharp/model.py", line 412 in forward
[10:29]   [ComfyUI]   File "/home/runner/.ce/.pixi/envs/sharp-nodes/lib/python3.13/site-packages/torch/nn/modules/module.py", line 1787 in _call_impl
[10:29]   [ComfyUI]   File "/home/runner/.ce/.pixi/envs/sharp-nodes/lib/python3.13/site-packages/torch/nn/modules/module.py", line 1776 in _wrapped_call_impl
[10:29]   [ComfyUI]   File "/home/runner/work/comfy-gpu-ci/comfy-gpu-ci/test_workspaces/Sharp-1942/ComfyUI/custom_nodes/ComfyUI-Sharp/nodes/sharp/model.py", line 685 in forward
[10:29]   [ComfyUI]   File "/home/runner/.ce/.pixi/envs/sharp-nodes/lib/python3.13/site-packages/torch/nn/modules/module.py", line 1787 in _call_impl
[10:29]   [ComfyUI]   File "/home/runner/.ce/.pixi/envs/sharp-nodes/lib/python3.13/site-packages/torch/nn/modules/module.py", line 1776 in _wrapped_call_impl
[10:29]   [ComfyUI]   File "/home/runner/work/comfy-gpu-ci/comfy-gpu-ci/test_workspaces/Sharp-1942/ComfyUI/custom_nodes/ComfyUI-Sharp/nodes/sharp/model.py", line 1109 in forward
[10:29]   [ComfyUI]   File "/home/runner/.ce/.pixi/envs/sharp-nodes/lib/python3.13/site-packages/torch/nn/modules/module.py", line 1787 in _call_impl
[10:29]   [ComfyUI]   File "/home/runner/.ce/.pixi/envs/sharp-nodes/lib/python3.13/site-packages/torch/nn/modules/module.py", line 1776 in _wrapped_call_impl
[10:29]   [ComfyUI]   File "/home/runner/work/comfy-gpu-ci/comfy-gpu-ci/test_workspaces/Sharp-1942/ComfyUI/custom_nodes/ComfyUI-Sharp/nodes/sharp/model.py", line 2006 in encode
[10:29]   [ComfyUI]   File "/home/runner/work/comfy-gpu-ci/comfy-gpu-ci/test_workspaces/Sharp-1942/ComfyUI/custom_nodes/ComfyUI-Sharp/nodes/predict.py", line 287 in _predict_image_cached
[10:29]   [ComfyUI]   File "/home/runner/work/comfy-gpu-ci/comfy-gpu-ci/test_workspaces/Sharp-1942/ComfyUI/custom_nodes/ComfyUI-Sharp/nodes/predict.py", line 184 in execute
[10:29]   [ComfyUI]   File "/home/runner/.ce/.pixi/envs/sharp-nodes/lib/python3.13/site-packages/torch/utils/_contextlib.py", line 124 in decorate_context
[10:29]   [ComfyUI]   File "/home/runner/work/comfy-gpu-ci/comfy-gpu-ci/test_workspaces/Sharp-1942/ComfyUI/comfy_api/latest/_io.py", line 1833 in EXECUTE_NORMALIZED
[10:29]   [ComfyUI]   File "/tmp/comfyui_pvenv_azr0ws34/persistent_worker.py", line 1762 in main
[10:29]   [ComfyUI]   File "/tmp/comfyui_pvenv_azr0ws34/persistent_worker.py", line 1807 in <module>
[10:29]   [ComfyUI] 
[10:29]   [ComfyUI] [worker:ComfyUI-Sharp] === END ===
[10:29]   [ComfyUI] 
[10:32]   [capture-loop] iter=1100 t=124.1s state={'complete': False, 'error': None, 'executedCount': 0, 'wsState': 1} eval_ms=2 ram=5.9/15.6GB (38%) swap=0.0/3.0GB (0%) cpu=46% browser_rss=0.93GB
[10:38]   [capture-loop] iter=1150 t=129.7s state={'complete': False, 'error': None, 'executedCount': 0, 'wsState': 1} eval_ms=2 ram=5.9/15.6GB (38%) swap=0.0/3.0GB (0%) cpu=46% browser_rss=0.93GB
[10:44]   [capture-loop] iter=1200 t=135.3s state={'complete': False, 'error': None, 'executedCount': 0, 'wsState': 1} eval_ms=3 ram=5.9/15.6GB (38%) swap=0.0/3.0GB (0%) cpu=45% browser_rss=0.93GB
[10:49]   [capture-loop] iter=1250 t=140.9s state={'complete': False, 'error': None, 'executedCount': 0, 'wsState': 1} eval_ms=5 ram=6.0/15.6GB (38%) swap=0.0/3.0GB (0%) cpu=45% browser_rss=0.93GB
[10:55]   [capture-loop] iter=1300 t=146.5s state={'complete': False, 'error': None, 'executedCount': 0, 'wsState': 1} eval_ms=3 ram=6.0/15.6GB (38%) swap=0.0/3.0GB (0%) cpu=45% browser_rss=0.92GB
[11:01]   [capture-loop] iter=1350 t=152.2s state={'complete': False, 'error': None, 'executedCount': 0, 'wsState': 1} eval_ms=2 ram=6.0/15.6GB (38%) swap=0.0/3.0GB (0%) cpu=46% browser_rss=0.92GB
[11:06]   [capture-loop] iter=1400 t=157.8s state={'complete': False, 'error': None, 'executedCount': 0, 'wsState': 1} eval_ms=6 ram=6.0/15.6GB (38%) swap=0.0/3.0GB (0%) cpu=47% browser_rss=0.92GB
[11:12]   [capture-loop] iter=1450 t=163.4s state={'complete': False, 'error': None, 'executedCount': 0, 'wsState': 1} eval_ms=5 ram=6.0/15.6GB (38%) swap=0.0/3.0GB (0%) cpu=46% browser_rss=0.92GB
[11:17]   [capture-loop] iter=1500 t=169.1s state={'complete': False, 'error': None, 'executedCount': 0, 'wsState': 1} eval_ms=5 ram=6.0/15.6GB (38%) swap=0.0/3.0GB (0%) cpu=46% browser_rss=0.93GB
[11:23]   [capture-loop] iter=1550 t=174.7s state={'complete': False, 'error': None, 'executedCount': 0, 'wsState': 1} eval_ms=2 ram=6.0/15.6GB (38%) swap=0.0/3.0GB (0%) cpu=45% browser_rss=0.92GB
[11:29]   [ComfyUI] [worker:ComfyUI-Sharp]
[11:29]   [ComfyUI] === WATCHDOG TICK 3 ===
[11:29]   [ComfyUI] [worker:ComfyUI-Sharp] Thread 0x00007fe907ca66c0 (most recent call first):
[11:29]   [ComfyUI]   File "/home/runner/.ce/.pixi/envs/sharp-nodes/lib/python3.13/socket.py", line 295 in accept
[11:29]   [ComfyUI]   File "/home/runner/.ce/.pixi/envs/sharp-nodes/lib/python3.13/multiprocessing/connection.py", line 648 in accept
[11:29]   [ComfyUI]   File "/home/runner/.ce/.pixi/envs/sharp-nodes/lib/python3.13/multiprocessing/connection.py", line 493 in accept
[11:29]   [ComfyUI]   File "/home/runner/.ce/.pixi/envs/sharp-nodes/lib/python3.13/multiprocessing/resource_sharer.py", line 138 in _serve
[11:29]   [ComfyUI]   File "/home/runner/.ce/.pixi/envs/sharp-nodes/lib/python3.13/threading.py", line 995 in run
[11:29]   [ComfyUI]   File "/home/runner/.ce/.pixi/envs/sharp-nodes/lib/python3.13/threading.py", line 1044 in _bootstrap_inner
[11:29]   [ComfyUI]   File "/home/runner/.ce/.pixi/envs/sharp-nodes/lib/python3.13/threading.py", line 1015 in _bootstrap
[11:29]   [ComfyUI] 
[11:29]   [ComfyUI] Current thread 0x00007fe94adc76c0 (most recent call first):
[11:29]   [ComfyUI]   File "/tmp/comfyui_pvenv_azr0ws34/persistent_worker.py", line 52 in _watchdog
[11:29]   [ComfyUI]   File "/home/runner/.ce/.pixi/envs/sharp-nodes/lib/python3.13/threading.py", line 995 in run
[11:29]   [ComfyUI]   File "/home/runner/.ce/.pixi/envs/sharp-nodes/lib/python3.13/threading.py", line 1044 in _bootstrap_inner
[11:29]   [ComfyUI]   File "/home/runner/.ce/.pixi/envs/sharp-nodes/lib/python3.13/threading.py", line 1015 in _bootstrap
[11:29]   [ComfyUI] 
[11:29]   [ComfyUI] Thread 0x00007fe94b8e7740 (most recent call first):
[11:29]   [ComfyUI]   File "/home/runner/work/comfy-gpu-ci/comfy-gpu-ci/test_workspaces/Sharp-1942/ComfyUI/comfy/ldm/modules/sub_quadratic_attention.py", line 159 in _get_attention_scores_no_kv_chunking
[11:29]   [ComfyUI]   File "/home/runner/work/comfy-gpu-ci/comfy-gpu-ci/test_workspaces/Sharp-1942/ComfyUI/comfy/ldm/modules/sub_quadratic_attention.py", line 259 in efficient_dot_product_attention
[11:29]   [ComfyUI]   File "/home/runner/work/comfy-gpu-ci/comfy-gpu-ci/test_workspaces/Sharp-1942/ComfyUI/comfy/ldm/modules/attention.py", line 275 in attention_sub_quad
[11:29]   [ComfyUI]   File "/home/runner/work/comfy-gpu-ci/comfy-gpu-ci/test_workspaces/Sharp-1942/ComfyUI/comfy/ldm/modules/attention.py", line 139 in wrapper
[11:29]   [ComfyUI]   File "/home/runner/work/comfy-gpu-ci/comfy-gpu-ci/test_workspaces/Sharp-1942/ComfyUI/custom_nodes/ComfyUI-Sharp/nodes/sharp/model.py", line 234 in forward
[11:29]   [ComfyUI]   File "/home/runner/.ce/.pixi/envs/sharp-nodes/lib/python3.13/site-packages/torch/nn/modules/module.py", line 1787 in _call_impl
[11:29]   [ComfyUI]   File "/home/runner/.ce/.pixi/envs/sharp-nodes/lib/python3.13/site-packages/torch/nn/modules/module.py", line 1776 in _wrapped_call_impl
[11:29]   [ComfyUI]   File "/home/runner/work/comfy-gpu-ci/comfy-gpu-ci/test_workspaces/Sharp-1942/ComfyUI/custom_nodes/ComfyUI-Sharp/nodes/sharp/model.py", line 309 in forward
[11:29]   [ComfyUI]   File "/home/runner/.ce/.pixi/envs/sharp-nodes/lib/python3.13/site-packages/torch/nn/modules/module.py", line 1787 in _call_impl
[11:29]   [ComfyUI]   File "/home/runner/.ce/.pixi/envs/sharp-nodes/lib/python3.13/site-packages/torch/nn/modules/module.py", line 1776 in _wrapped_call_impl
[11:29]   [ComfyUI]   File "/home/runner/work/comfy-gpu-ci/comfy-gpu-ci/test_workspaces/Sharp-1942/ComfyUI/custom_nodes/ComfyUI-Sharp/nodes/sharp/model.py", line 412 in forward
[11:29]   [ComfyUI]   File "/home/runner/.ce/.pixi/envs/sharp-nodes/lib/python3.13/site-packages/torch/nn/modules/module.py", line 1787 in _call_impl
[11:29]   [ComfyUI]   File "/home/runner/.ce/.pixi/envs/sharp-nodes/lib/python3.13/site-packages/torch/nn/modules/module.py", line 1776 in _wrapped_call_impl
[11:29]   [ComfyUI]   File "/home/runner/work/comfy-gpu-ci/comfy-gpu-ci/test_workspaces/Sharp-1942/ComfyUI/custom_nodes/ComfyUI-Sharp/nodes/sharp/model.py", line 685 in forward
[11:29]   [ComfyUI]   File "/home/runner/.ce/.pixi/envs/sharp-nodes/lib/python3.13/site-packages/torch/nn/modules/module.py", line 1787 in _call_impl
[11:29]   [ComfyUI]   File "/home/runner/.ce/.pixi/envs/sharp-nodes/lib/python3.13/site-packages/torch/nn/modules/module.py", line 1776 in _wrapped_call_impl
[11:29]   [ComfyUI]   File "/home/runner/work/comfy-gpu-ci/comfy-gpu-ci/test_workspaces/Sharp-1942/ComfyUI/custom_nodes/ComfyUI-Sharp/nodes/sharp/model.py", line 1109 in forward
[11:29]   [ComfyUI]   File "/home/runner/.ce/.pixi/envs/sharp-nodes/lib/python3.13/site-packages/torch/nn/modules/module.py", line 1787 in _call_impl
[11:29]   [ComfyUI]   File "/home/runner/.ce/.pixi/envs/sharp-nodes/lib/python3.13/site-packages/torch/nn/modules/module.py", line 1776 in _wrapped_call_impl
[11:29]   [ComfyUI]   File "/home/runner/work/comfy-gpu-ci/comfy-gpu-ci/test_workspaces/Sharp-1942/ComfyUI/custom_nodes/ComfyUI-Sharp/nodes/sharp/model.py", line 2006 in encode
[11:29]   [ComfyUI]   File "/home/runner/work/comfy-gpu-ci/comfy-gpu-ci/test_workspaces/Sharp-1942/ComfyUI/custom_nodes/ComfyUI-Sharp/nodes/predict.py", line 287 in _predict_image_cached
[11:29]   [ComfyUI]   File "/home/runner/work/comfy-gpu-ci/comfy-gpu-ci/test_workspaces/Sharp-1942/ComfyUI/custom_nodes/ComfyUI-Sharp/nodes/predict.py", line 184 in execute
[11:29]   [ComfyUI]   File "/home/runner/.ce/.pixi/envs/sharp-nodes/lib/python3.13/site-packages/torch/utils/_contextlib.py", line 124 in decorate_context
[11:29]   [ComfyUI]   File "/home/runner/work/comfy-gpu-ci/comfy-gpu-ci/test_workspaces/Sharp-1942/ComfyUI/comfy_api/latest/_io.py", line 1833 in EXECUTE_NORMALIZED
[11:29]   [ComfyUI]   File "/tmp/comfyui_pvenv_azr0ws34/persistent_worker.py", line 1762 in main
[11:29]   [ComfyUI]   File "/tmp/comfyui_pvenv_azr0ws34/persistent_worker.py", line 1807 in <module>
[11:29]   [ComfyUI] 
[11:29]   [ComfyUI] [worker:ComfyUI-Sharp] === END ===
[11:29]   [ComfyUI] 
[11:29]   [capture-loop] iter=1600 t=180.3s state={'complete': False, 'error': None, 'executedCount': 0, 'wsState': 1} eval_ms=3 ram=6.0/15.6GB (38%) swap=0.0/3.0GB (0%) cpu=47% browser_rss=0.93GB
[11:34]   [capture-loop] iter=1650 t=186.0s state={'complete': False, 'error': None, 'executedCount': 0, 'wsState': 1} eval_ms=2 ram=6.0/15.6GB (38%) swap=0.0/3.0GB (0%) cpu=46% browser_rss=0.93GB
[11:37]   [ComfyUI] [worker:ComfyUI-Sharp] WARNING: [SPN] after all chunks + cache clear: 0.00 GB
[11:37]   [ComfyUI] [worker:ComfyUI-Sharp] WARNING: [SPN] after merge intermediates: 0.00 GB
[11:37]   [ComfyUI] [worker:ComfyUI-Sharp] WARNING: [SPN] after merge all: 0.00 GB
[11:40]   [capture-loop] iter=1700 t=191.6s state={'complete': False, 'error': None, 'executedCount': 0, 'wsState': 1} eval_ms=3 ram=5.7/15.6GB (36%) swap=0.0/3.0GB (0%) cpu=45% browser_rss=0.93GB
[11:43]   [ComfyUI] [worker:ComfyUI-Sharp] WARNING: [SPN] after image_encoder: 0.00 GB
[11:46]   [capture-loop] iter=1750 t=197.3s state={'complete': False, 'error': None, 'executedCount': 0, 'wsState': 1} eval_ms=2 ram=6.4/15.6GB (41%) swap=0.0/3.0GB (0%) cpu=47% browser_rss=0.93GB
[11:46]   [ComfyUI] [worker:ComfyUI-Sharp] WARNING: [SPN] after upsample: 0.00 GB
[11:46]   [ComfyUI] [worker:ComfyUI-Sharp] WARNING: [Monodepth] after SPN encoder + cache clear: 0.00 GB
[11:51]   [capture-loop] iter=1800 t=202.9s state={'complete': False, 'error': None, 'executedCount': 0, 'wsState': 1} eval_ms=2 ram=6.5/15.6GB (42%) swap=0.0/3.0GB (0%) cpu=46% browser_rss=0.93GB
[11:57]   [capture-loop] iter=1850 t=208.5s state={'complete': False, 'error': None, 'executedCount': 0, 'wsState': 1} eval_ms=5 ram=6.8/15.6GB (44%) swap=0.0/3.0GB (0%) cpu=44% browser_rss=0.94GB
[12:03]   [capture-loop] iter=1900 t=214.2s state={'complete': False, 'error': None, 'executedCount': 0, 'wsState': 1} eval_ms=3 ram=7.6/15.6GB (49%) swap=0.0/3.0GB (0%) cpu=47% browser_rss=0.93GB
[12:08]   [capture-loop] iter=1950 t=219.8s state={'complete': False, 'error': None, 'executedCount': 0, 'wsState': 1} eval_ms=4 ram=7.6/15.6GB (49%) swap=0.0/3.0GB (0%) cpu=49% browser_rss=0.93GB
[12:14]   [capture-loop] iter=2000 t=225.5s state={'complete': False, 'error': None, 'executedCount': 0, 'wsState': 1} eval_ms=3 ram=7.4/15.6GB (48%) swap=0.0/3.0GB (0%) cpu=47% browser_rss=0.93GB
[12:20]   [capture-loop] iter=2050 t=231.2s state={'complete': False, 'error': None, 'executedCount': 0, 'wsState': 1} eval_ms=3 ram=7.8/15.6GB (50%) swap=0.0/3.0GB (0%) cpu=46% browser_rss=0.93GB
[12:25]   [capture-loop] iter=2100 t=236.7s state={'complete': False, 'error': None, 'executedCount': 0, 'wsState': 1} eval_ms=3 ram=9.5/15.6GB (61%) swap=0.0/3.0GB (0%) cpu=45% browser_rss=0.93GB
[12:29]   [ComfyUI] [worker:ComfyUI-Sharp]
[12:29]   [ComfyUI] === WATCHDOG TICK 4 ===
[12:29]   [ComfyUI] [worker:ComfyUI-Sharp] Thread 0x00007fe907ca66c0 (most recent call first):
[12:29]   [ComfyUI]   File "/home/runner/.ce/.pixi/envs/sharp-nodes/lib/python3.13/socket.py", line 295 in accept
[12:29]   [ComfyUI]   File "/home/runner/.ce/.pixi/envs/sharp-nodes/lib/python3.13/multiprocessing/connection.py", line 648 in accept
[12:29]   [ComfyUI]   File "/home/runner/.ce/.pixi/envs/sharp-nodes/lib/python3.13/multiprocessing/connection.py", line 493 in accept
[12:29]   [ComfyUI]   File "/home/runner/.ce/.pixi/envs/sharp-nodes/lib/python3.13/multiprocessing/resource_sharer.py", line 138 in _serve
[12:29]   [ComfyUI]   File "/home/runner/.ce/.pixi/envs/sharp-nodes/lib/python3.13/threading.py", line 995 in run
[12:29]   [ComfyUI]   File "/home/runner/.ce/.pixi/envs/sharp-nodes/lib/python3.13/threading.py", line 1044 in _bootstrap_inner
[12:29]   [ComfyUI]   File "/home/runner/.ce/.pixi/envs/sharp-nodes/lib/python3.13/threading.py", line 1015 in _bootstrap
[12:29]   [ComfyUI] 
[12:29]   [ComfyUI] Current thread 0x00007fe94adc76c0 (most recent call first):
[12:29]   [ComfyUI]   File "/tmp/comfyui_pvenv_azr0ws34/persistent_worker.py", line 52 in _watchdog
[12:29]   [ComfyUI]   File "/home/runner/.ce/.pixi/envs/sharp-nodes/lib/python3.13/threading.py", line 995 in run
[12:29]   [ComfyUI]   File "/home/runner/.ce/.pixi/envs/sharp-nodes/lib/python3.13/threading.py", line 1044 in _bootstrap_inner
[12:29]   [ComfyUI]   File "/home/runner/.ce/.pixi/envs/sharp-nodes/lib/python3.13/threading.py", line 1015 in _bootstrap
[12:29]   [ComfyUI] 
[12:29]   [ComfyUI] Thread 0x00007fe94b8e7740 (most recent call first):
[12:29]   [ComfyUI]   File "/home/runner/.ce/.pixi/envs/sharp-nodes/lib/python3.13/site-packages/torch/nn/modules/conv.py", line 548 in _conv_forward
[12:29]   [ComfyUI]   File "/home/runner/.ce/.pixi/envs/sharp-nodes/lib/python3.13/site-packages/torch/nn/modules/conv.py", line 553 in forward
[12:29]   [ComfyUI]   File "/home/runner/work/comfy-gpu-ci/comfy-gpu-ci/test_workspaces/Sharp-1942/ComfyUI/comfy/ops.py", line 518 in forward
[12:29]   [ComfyUI]   File "/home/runner/.ce/.pixi/envs/sharp-nodes/lib/python3.13/site-packages/torch/nn/modules/module.py", line 1787 in _call_impl
[12:29]   [ComfyUI]   File "/home/runner/.ce/.pixi/envs/sharp-nodes/lib/python3.13/site-packages/torch/nn/modules/module.py", line 1776 in _wrapped_call_impl
[12:29]   [ComfyUI]   File "/home/runner/.ce/.pixi/envs/sharp-nodes/lib/python3.13/site-packages/torch/nn/modules/container.py", line 253 in forward
[12:29]   [ComfyUI]   File "/home/runner/.ce/.pixi/envs/sharp-nodes/lib/python3.13/site-packages/torch/nn/modules/module.py", line 1787 in _call_impl
[12:29]   [ComfyUI]   File "/home/runner/.ce/.pixi/envs/sharp-nodes/lib/python3.13/site-packages/torch/nn/modules/module.py", line 1776 in _wrapped_call_impl
[12:29]   [ComfyUI]   File "/home/runner/work/comfy-gpu-ci/comfy-gpu-ci/test_workspaces/Sharp-1942/ComfyUI/custom_nodes/ComfyUI-Sharp/nodes/sharp/model.py", line 766 in forward
[12:29]   [ComfyUI]   File "/home/runner/.ce/.pixi/envs/sharp-nodes/lib/python3.13/site-packages/torch/nn/modules/module.py", line 1787 in _call_impl
[12:29]   [ComfyUI]   File "/home/runner/.ce/.pixi/envs/sharp-nodes/lib/python3.13/site-packages/torch/nn/modules/module.py", line 1776 in _wrapped_call_impl
[12:29]   [ComfyUI]   File "/home/runner/work/comfy-gpu-ci/comfy-gpu-ci/test_workspaces/Sharp-1942/ComfyUI/custom_nodes/ComfyUI-Sharp/nodes/sharp/model.py", line 860 in forward
[12:29]   [ComfyUI]   File "/home/runner/.ce/.pixi/envs/sharp-nodes/lib/python3.13/site-packages/torch/nn/modules/module.py", line 1787 in _call_impl
[12:29]   [ComfyUI]   File "/home/runner/.ce/.pixi/envs/sharp-nodes/lib/python3.13/site-packages/torch/nn/modules/module.py", line 1776 in _wrapped_call_impl
[12:29]   [ComfyUI]   File "/home/runner/work/comfy-gpu-ci/comfy-gpu-ci/test_workspaces/Sharp-1942/ComfyUI/custom_nodes/ComfyUI-Sharp/nodes/sharp/model.py", line 970 in forward
[12:29]   [ComfyUI]   File "/home/runner/.ce/.pixi/envs/sharp-nodes/lib/python3.13/site-packages/torch/nn/modules/module.py", line 1787 in _call_impl
[12:29]   [ComfyUI]   File "/home/runner/.ce/.pixi/envs/sharp-nodes/lib/python3.13/site-packages/torch/nn/modules/module.py", line 1776 in _wrapped_call_impl
[12:29]   [ComfyUI]   File "/home/runner/work/comfy-gpu-ci/comfy-gpu-ci/test_workspaces/Sharp-1942/ComfyUI/custom_nodes/ComfyUI-Sharp/nodes/sharp/model.py", line 1118 in forward
[12:29]   [ComfyUI]   File "/home/runner/.ce/.pixi/envs/sharp-nodes/lib/python3.13/site-packages/torch/nn/modules/module.py", line 1787 in _call_impl
[12:29]   [ComfyUI]   File "/home/runner/.ce/.pixi/envs/sharp-nodes/lib/python3.13/site-packages/torch/nn/modules/module.py", line 1776 in _wrapped_call_impl
[12:29]   [ComfyUI]   File "/home/runner/work/comfy-gpu-ci/comfy-gpu-ci/test_workspaces/Sharp-1942/ComfyUI/custom_nodes/ComfyUI-Sharp/nodes/sharp/model.py", line 2006 in encode
[12:29]   [ComfyUI]   File "/home/runner/work/comfy-gpu-ci/comfy-gpu-ci/test_workspaces/Sharp-1942/ComfyUI/custom_nodes/ComfyUI-Sharp/nodes/predict.py", line 287 in _predict_image_cached
[12:29]   [ComfyUI]   File "/home/runner/work/comfy-gpu-ci/comfy-gpu-ci/test_workspaces/Sharp-1942/ComfyUI/custom_nodes/ComfyUI-Sharp/nodes/predict.py", line 184 in execute
[12:29]   [ComfyUI]   File "/home/runner/.ce/.pixi/envs/sharp-nodes/lib/python3.13/site-packages/torch/utils/_contextlib.py", line 124 in decorate_context
[12:29]   [ComfyUI]   File "/home/runner/work/comfy-gpu-ci/comfy-gpu-ci/test_workspaces/Sharp-1942/ComfyUI/comfy_api/latest/_io.py", line 1833 in EXECUTE_NORMALIZED
[12:29]   [ComfyUI]   File "/tmp/comfyui_pvenv_azr0ws34/persistent_worker.py", line 1762 in main
[12:29]   [ComfyUI]   File "/tmp/comfyui_pvenv_azr0ws34/persistent_worker.py", line 1807 in <module>
[12:29]   [ComfyUI] 
[12:29]   [ComfyUI] [worker:ComfyUI-Sharp] === END ===
[12:29]   [ComfyUI] 
[12:31]   [capture-loop] iter=2150 t=242.4s state={'complete': False, 'error': None, 'executedCount': 0, 'wsState': 1} eval_ms=5 ram=9.6/15.6GB (62%) swap=0.0/3.0GB (0%) cpu=47% browser_rss=0.93GB
[12:37]   [capture-loop] iter=2200 t=248.2s state={'complete': False, 'error': None, 'executedCount': 0, 'wsState': 1} eval_ms=3 ram=9.6/15.6GB (62%) swap=0.0/3.0GB (0%) cpu=48% browser_rss=0.93GB
[12:42]   [ComfyUI] [worker:ComfyUI-Sharp] WARNING: [Monodepth] after decoder: 0.00 GB
[12:42]   [capture-loop] iter=2250 t=253.7s state={'complete': False, 'error': None, 'executedCount': 0, 'wsState': 1} eval_ms=3 ram=7.3/15.6GB (47%) swap=0.0/3.0GB (0%) cpu=47% browser_rss=0.93GB
[12:48]   [capture-loop] iter=2300 t=259.4s state={'complete': False, 'error': None, 'executedCount': 0, 'wsState': 1} eval_ms=3 ram=8.4/15.6GB (54%) swap=0.0/3.0GB (0%) cpu=48% browser_rss=0.93GB
[12:53]   [ComfyUI] [worker:ComfyUI-Sharp] WARNING: [Decode] start: 0.00 GB
[12:53]   [ComfyUI] [worker:ComfyUI-Sharp] WARNING: [Decode] after depth_alignment: 0.00 GB
[12:53]   [ComfyUI] [worker:ComfyUI-Sharp] WARNING: [Decode] after init_model: 0.00 GB
[12:53]   [capture-loop] iter=2350 t=265.0s state={'complete': False, 'error': None, 'executedCount': 0, 'wsState': 1} eval_ms=3 ram=7.2/15.6GB (46%) swap=0.0/3.0GB (0%) cpu=46% browser_rss=0.93GB
[12:59]   [capture-loop] iter=2400 t=270.7s state={'complete': False, 'error': None, 'executedCount': 0, 'wsState': 1} eval_ms=6 ram=8.1/15.6GB (52%) swap=0.0/3.0GB (0%) cpu=46% browser_rss=0.93GB
[13:05]   [capture-loop] iter=2450 t=276.4s state={'complete': False, 'error': None, 'executedCount': 0, 'wsState': 1} eval_ms=6 ram=8.2/15.6GB (52%) swap=0.0/3.0GB (0%) cpu=48% browser_rss=0.93GB
[13:10]   [capture-loop] iter=2500 t=282.0s state={'complete': False, 'error': None, 'executedCount': 0, 'wsState': 1} eval_ms=5 ram=8.3/15.6GB (53%) swap=0.0/3.0GB (0%) cpu=48% browser_rss=0.93GB
[13:16]   [capture-loop] iter=2550 t=287.6s state={'complete': False, 'error': None, 'executedCount': 0, 'wsState': 1} eval_ms=3 ram=9.1/15.6GB (58%) swap=0.0/3.0GB (0%) cpu=45% browser_rss=0.93GB
[13:22]   [capture-loop] iter=2600 t=293.2s state={'complete': False, 'error': None, 'executedCount': 0, 'wsState': 1} eval_ms=2 ram=8.5/15.6GB (55%) swap=0.0/3.0GB (0%) cpu=45% browser_rss=0.93GB
[13:27]   [capture-loop] iter=2650 t=298.9s state={'complete': False, 'error': None, 'executedCount': 0, 'wsState': 1} eval_ms=2 ram=8.7/15.6GB (56%) swap=0.0/3.0GB (0%) cpu=47% browser_rss=0.93GB
[13:29]   [ComfyUI] [worker:ComfyUI-Sharp]
[13:29]   [ComfyUI] === WATCHDOG TICK 5 ===
[13:29]   [ComfyUI] [worker:ComfyUI-Sharp] Thread 0x00007fe907ca66c0 (most recent call first):
[13:29]   [ComfyUI]   File "/home/runner/.ce/.pixi/envs/sharp-nodes/lib/python3.13/socket.py", line 295 in accept
[13:29]   [ComfyUI]   File "/home/runner/.ce/.pixi/envs/sharp-nodes/lib/python3.13/multiprocessing/connection.py", line 648 in accept
[13:29]   [ComfyUI]   File "/home/runner/.ce/.pixi/envs/sharp-nodes/lib/python3.13/multiprocessing/connection.py", line 493 in accept
[13:29]   [ComfyUI]   File "/home/runner/.ce/.pixi/envs/sharp-nodes/lib/python3.13/multiprocessing/resource_sharer.py", line 138 in _serve
[13:29]   [ComfyUI]   File "/home/runner/.ce/.pixi/envs/sharp-nodes/lib/python3.13/threading.py", line 995 in run
[13:29]   [ComfyUI]   File "/home/runner/.ce/.pixi/envs/sharp-nodes/lib/python3.13/threading.py", line 1044 in _bootstrap_inner
[13:29]   [ComfyUI]   File "/home/runner/.ce/.pixi/envs/sharp-nodes/lib/python3.13/threading.py", line 1015 in _bootstrap
[13:29]   [ComfyUI] 
[13:29]   [ComfyUI] Current thread 0x00007fe94adc76c0 (most recent call first):
[13:29]   [ComfyUI]   File "/tmp/comfyui_pvenv_azr0ws34/persistent_worker.py", line 52 in _watchdog
[13:29]   [ComfyUI]   File "/home/runner/.ce/.pixi/envs/sharp-nodes/lib/python3.13/threading.py", line 995 in run
[13:29]   [ComfyUI]   File "/home/runner/.ce/.pixi/envs/sharp-nodes/lib/python3.13/threading.py", line 1044 in _bootstrap_inner
[13:29]   [ComfyUI]   File "/home/runner/.ce/.pixi/envs/sharp-nodes/lib/python3.13/threading.py", line 1015 in _bootstrap
[13:29]   [ComfyUI] 
[13:29]   [ComfyUI] Thread 0x00007fe94b8e7740 (most recent call first):
[13:29]   [ComfyUI]   File "/home/runner/.ce/.pixi/envs/sharp-nodes/lib/python3.13/site-packages/torch/nn/modules/conv.py", line 548 in _conv_forward
[13:29]   [ComfyUI]   File "/home/runner/.ce/.pixi/envs/sharp-nodes/lib/python3.13/site-packages/torch/nn/modules/conv.py", line 553 in forward
[13:29]   [ComfyUI]   File "/home/runner/work/comfy-gpu-ci/comfy-gpu-ci/test_workspaces/Sharp-1942/ComfyUI/comfy/ops.py", line 518 in forward
[13:29]   [ComfyUI]   File "/home/runner/.ce/.pixi/envs/sharp-nodes/lib/python3.13/site-packages/torch/nn/modules/module.py", line 1787 in _call_impl
[13:29]   [ComfyUI]   File "/home/runner/.ce/.pixi/envs/sharp-nodes/lib/python3.13/site-packages/torch/nn/modules/module.py", line 1776 in _wrapped_call_impl
[13:29]   [ComfyUI]   File "/home/runner/.ce/.pixi/envs/sharp-nodes/lib/python3.13/site-packages/torch/nn/modules/container.py", line 253 in forward
[13:29]   [ComfyUI]   File "/home/runner/.ce/.pixi/envs/sharp-nodes/lib/python3.13/site-packages/torch/nn/modules/module.py", line 1787 in _call_impl
[13:29]   [ComfyUI]   File "/home/runner/.ce/.pixi/envs/sharp-nodes/lib/python3.13/site-packages/torch/nn/modules/module.py", line 1776 in _wrapped_call_impl
[13:29]   [ComfyUI]   File "/home/runner/work/comfy-gpu-ci/comfy-gpu-ci/test_workspaces/Sharp-1942/ComfyUI/custom_nodes/ComfyUI-Sharp/nodes/sharp/model.py", line 766 in forward
[13:29]   [ComfyUI]   File "/home/runner/.ce/.pixi/envs/sharp-nodes/lib/python3.13/site-packages/torch/nn/modules/module.py", line 1787 in _call_impl
[13:29]   [ComfyUI]   File "/home/runner/.ce/.pixi/envs/sharp-nodes/lib/python3.13/site-packages/torch/nn/modules/module.py", line 1776 in _wrapped_call_impl
[13:29]   [ComfyUI]   File "/home/runner/.ce/.pixi/envs/sharp-nodes/lib/python3.13/site-packages/torch/nn/modules/container.py", line 253 in forward
[13:29]   [ComfyUI]   File "/home/runner/.ce/.pixi/envs/sharp-nodes/lib/python3.13/site-packages/torch/nn/modules/module.py", line 1787 in _call_impl
[13:29]   [ComfyUI]   File "/home/runner/.ce/.pixi/envs/sharp-nodes/lib/python3.13/site-packages/torch/nn/modules/module.py", line 1776 in _wrapped_call_impl
[13:29]   [ComfyUI]   File "/home/runner/work/comfy-gpu-ci/comfy-gpu-ci/test_workspaces/Sharp-1942/ComfyUI/custom_nodes/ComfyUI-Sharp/nodes/sharp/model.py", line 1355 in forward
[13:29]   [ComfyUI]   File "/home/runner/.ce/.pixi/envs/sharp-nodes/lib/python3.13/site-packages/torch/nn/modules/module.py", line 1787 in _call_impl
[13:29]   [ComfyUI]   File "/home/runner/.ce/.pixi/envs/sharp-nodes/lib/python3.13/site-packages/torch/nn/modules/module.py", line 1776 in _wrapped_call_impl
[13:29]   [ComfyUI]   File "/home/runner/work/comfy-gpu-ci/comfy-gpu-ci/test_workspaces/Sharp-1942/ComfyUI/custom_nodes/ComfyUI-Sharp/nodes/sharp/model.py", line 2030 in decode
[13:29]   [ComfyUI]   File "/home/runner/work/comfy-gpu-ci/comfy-gpu-ci/test_workspaces/Sharp-1942/ComfyUI/custom_nodes/ComfyUI-Sharp/nodes/predict.py", line 303 in _predict_image_cached
[13:29]   [ComfyUI]   File "/home/runner/work/comfy-gpu-ci/comfy-gpu-ci/test_workspaces/Sharp-1942/ComfyUI/custom_nodes/ComfyUI-Sharp/nodes/predict.py", line 184 in execute
[13:29]   [ComfyUI]   File "/home/runner/.ce/.pixi/envs/sharp-nodes/lib/python3.13/site-packages/torch/utils/_contextlib.py", line 124 in decorate_context
[13:29]   [ComfyUI]   File "/home/runner/work/comfy-gpu-ci/comfy-gpu-ci/test_workspaces/Sharp-1942/ComfyUI/comfy_api/latest/_io.py", line 1833 in EXECUTE_NORMALIZED
[13:29]   [ComfyUI]   File "/tmp/comfyui_pvenv_azr0ws34/persistent_worker.py", line 1762 in main
[13:29]   [ComfyUI]   File "/tmp/comfyui_pvenv_azr0ws34/persistent_worker.py", line 1807 in <module>
[13:29]   [ComfyUI] 
[13:29]   [ComfyUI] [worker:ComfyUI-Sharp] === END ===
[13:29]   [ComfyUI] 
[13:29]   [ComfyUI] [worker:ComfyUI-Sharp] WARNING: [Decode] after feature_model: 0.00 GB
[13:29]   [ComfyUI] [worker:ComfyUI-Sharp] WARNING: [Decode] after prediction_head: 0.00 GB
[13:33]   [capture-loop] iter=2700 t=304.6s state={'complete': False, 'error': None, 'executedCount': 0, 'wsState': 1} eval_ms=3 ram=7.1/15.6GB (46%) swap=0.0/3.0GB (0%) cpu=45% browser_rss=0.93GB
[13:33]   [ComfyUI] [SubprocessWorker] callback 'report_progress' from call_id=5
[13:33]   [ComfyUI] [SubprocessWorker] got response: ok
[13:33]   [ComfyUI] [comfy-env] SharpPredict done (302.12s): result: NodeOutput
[13:33]   [ComfyUI] [comfy-env] Running GeomPackPreviewGaussian: ply_path: '/home/runner/work/comfy-gpu-ci/comfy-gpu-ci/test_workspa..., extrinsics: list[4], intrinsics: list[3]
[13:33]   [ComfyUI] [SubprocessWorker] call_method: nodes.visualization.preview_gaussian.PreviewGaussianNode.EXECUTE_NORMALIZED
[13:33]   [ComfyUI] [SubprocessWorker] acquired lock, ensuring started...
[13:33]   [ComfyUI] [ComfyUI-GeometryPack] Health check: ping (timeout=5.0s)...
[13:33]   [ComfyUI] [ComfyUI-GeometryPack] python: /home/runner/.ce/.pixi/envs/geometrypack-nodes/bin/python
[13:33]   [ComfyUI] [ComfyUI-GeometryPack] sys_path sent to worker: ['/home/runner/work/comfy-gpu-ci/comfy-gpu-ci/test_workspaces/Sharp-1942/ComfyUI', '/home/runner/work/comfy-gpu-ci/comfy-gpu-ci/test_workspaces/Sharp-1942/ComfyUI/custom_nodes/ComfyUI-GeometryPack', '/home/runner/.ce/.pixi/envs/geometrypack-nodes/lib/python3.13/site-packages', '/home/runner/work/comfy-gpu-ci/comfy-gpu-ci/test_workspaces/Sharp-1942/ComfyUI/custom_nodes/ComfyUI-GeometryPack']
[13:33]   [ComfyUI] [ComfyUI-GeometryPack] Health check: failed
[13:33]   [ComfyUI] [SubprocessWorker] is_pixi=True, python=/home/runner/.ce/.pixi/envs/geometrypack-nodes/bin/python
[13:33]   [ComfyUI] [ComfyUI-GeometryPack] Socket unhealthy, restarting worker...
[13:33]   [ComfyUI] [SubprocessWorker] launching cmd=['/home/runner/.pixi/bin/pixi', 'run', '--as-is', '--manifest-path', '/home/runner/.ce/pixi.toml', '-e', 'geometrypack-nodes', 'python', '/tmp/comfyui_pvenv_bvvz736q/persistent_worker.py', 'abstract://comfy_worker_285469690403']...
[13:33]   [ComfyUI] [SubprocessWorker] socket_addr=abstract://comfy_worker_285469690403 (abstract, no filesystem path)
[13:35]   [ComfyUI] [worker:ComfyUI-GeometryPack] ERROR: Failed to import comfy_kitchen, Error: No module named 'comfy_kitchen', fp8 and fp4 support will not be available.
[13:35]   [ComfyUI] [SubprocessWorker] worker started/confirmed
[13:35]   [ComfyUI] [SubprocessWorker] serializing kwargs to shm...
[13:35]   [ComfyUI] [SubprocessWorker] created 0 shm blocks
[13:35]   [ComfyUI] [SubprocessWorker] sending request via socket...
[13:35]   [ComfyUI] [SubprocessWorker] call_id=2 sending call_method
[13:35]   Frame 4 saved (frame_003.jpg, t=306.3s)
[13:35]   [capture-periodic] freeze=3ms shot=125ms unfreeze=4ms saved=True
[13:36]   [ComfyUI] [worker:ComfyUI-GeometryPack] INFO: Loading PLY: sharp_1778961076707.ply (63.00 MB)
[13:36]   [ComfyUI] [SubprocessWorker] got response: ok
[13:36]   [ComfyUI] [comfy-env] GeomPackPreviewGaussian done (2.47s): result: NodeOutput
[13:36]   [ComfyUI] Prompt executed in 307.17 seconds
[13:36]   Node executed (1 total), capturing...
[13:36]   Frame 5 saved (frame_004.jpg, t=307.6s)
[13:36]   [capture-node] freeze=6ms shot=156ms unfreeze=0ms saved=True
[13:36]   Execution complete (t=307.6s)
[13:36]   [3d-wait] Phase 1: Waiting for 'Loading 3D Model' text to disappear...
[13:37]   [3d-wait] Phase 1 done in 1.2s
[13:37]   [3d-wait] Phase 2: iframes=1
[13:37]   [3d-wait] iframe viewer_ready=True (matched 1 console logs)
[13:37]   [3d-wait] Unfrozen in 0.002s, rendering for 5s...
[13:51]   [3d-wait] JS halted via CDP after 14.0s
[14:34]   [3d-wait] Re-frozen in 56.8s
[14:34]   [3d-wait] Total 3D wait: 58.0s
[14:34]   Captured 5 unique frames over 365.87s
[14:34]   [debug] iframes: 1
[14:34]   [debug]   iframe[0]: src=http://127.0.0.1:41883/extensions/ComfyUI-GeometryPack/viewer_gaussian.html?v=17, canvas=3040x2022, rafFrozen=True
[14:34]   [timing] trigger_3d_previews: 0.0s
[14:37]   Saved high-quality screenshot: sharp_exif_executed.png
[14:37]   [timing] final_screenshot: 0.3s
[14:37] Results saved to /home/runner/work/comfy-gpu-ci/comfy-gpu-ci/comfy-test-logs/Sharp-1942/dev/linux-cpu/results.json
[14:37] Model report: 4 files, 2.6 GB -> /home/runner/work/comfy-gpu-ci/comfy-gpu-ci/comfy-test-logs/Sharp-1942/dev/linux-cpu/models.json
[14:37] Saved: /home/runner/work/comfy-gpu-ci/comfy-gpu-ci/comfy-test-logs/Sharp-1942/dev/linux-cpu/index.html
[14:37] [EXECUTION] PASSED
[14:37] 
linux: PASSED
[14:37] Stopping ComfyUI server...
